"","Neighbourhood","Years","Population","Assault","Autotheft","Biketheft","Breakandenter","Homicide","Robbery","Shooting","Theftfrommv","TheftOver"
"1",1,2013,8785,25,39,50,30,15,17,34,46,25
"2",2,2013,5502,14,23,8,16,38,10,17,19,37
"3",3,2013,8429,27,20,14,45,47,16,3,10,10
"4",4,2013,8695,16,30,2,8,27,23,25,38,44
"5",5,2013,9089,11,27,14,36,10,3,43,8,10
"6",6,2013,8051,30,35,38,10,23,50,48,24,16
"7",7,2013,7966,1,21,49,42,40,26,49,40,14
"8",8,2013,5469,11,8,49,18,32,2,8,43,29
"9",9,2013,6989,27,24,11,1,19,6,36,8,19
"10",10,2013,6539,27,26,16,4,45,41,29,48,8
"11",11,2013,5822,23,46,36,19,29,42,9,34,43
"12",12,2013,7885,46,30,1,15,11,50,43,10,18
"13",13,2013,9278,40,41,19,10,32,12,10,21,36
"14",14,2013,7346,11,14,3,42,2,31,12,6,34
"15",15,2013,7513,9,27,35,28,32,6,32,45,27
"16",16,2013,7955,31,37,46,44,9,48,16,37,39
"17",17,2013,8042,49,28,46,1,41,13,41,22,46
"18",18,2013,6330,41,43,44,15,16,30,24,48,37
"19",19,2013,5455,31,15,20,5,22,3,29,22,2
"20",20,2013,8217,45,20,1,41,22,1,25,19,13
"21",21,2013,6816,44,34,50,5,43,34,17,30,1
"22",22,2013,8506,30,38,47,5,40,7,49,2,11
"23",23,2013,9605,19,22,4,4,33,14,20,47,11
"24",24,2013,5947,26,12,8,35,42,49,5,23,34
"25",25,2013,8631,47,20,42,42,46,41,4,26,43
"26",26,2013,5287,8,48,44,14,2,16,42,29,10
"27",27,2013,5346,42,11,30,24,48,44,49,35,2
"28",28,2013,6807,45,34,28,18,22,15,11,14,12
"29",29,2013,6989,43,20,16,3,36,26,5,3,23
"30",30,2013,5604,23,46,23,21,1,28,43,22,47
"31",31,2013,8741,4,45,9,46,1,31,8,10,12
"32",32,2013,9828,45,41,11,46,22,7,24,36,48
"33",33,2013,6630,38,25,45,5,29,12,16,7,50
"34",34,2013,5222,38,29,49,42,41,29,19,8,4
"35",35,2013,6448,34,31,18,15,10,21,27,13,10
"36",36,2013,8368,30,46,26,46,39,18,9,3,13
"37",37,2013,9597,18,30,33,36,1,33,9,13,26
"38",38,2013,9614,35,38,38,20,13,21,41,21,30
"39",39,2013,9544,35,39,38,18,31,9,13,22,3
"40",40,2013,7440,1,39,6,18,50,36,13,4,18
"41",41,2013,9755,7,28,45,20,35,11,41,7,46
"42",42,2013,7410,33,37,5,24,19,15,40,2,23
"43",43,2013,6623,27,40,41,18,31,19,3,9,34
"44",44,2013,7930,49,3,29,48,12,30,43,13,2
"45",45,2013,7477,40,18,11,39,16,35,48,33,40
"46",46,2013,8325,40,40,42,47,32,36,12,24,7
"47",47,2013,7094,28,38,41,29,8,50,11,30,22
"48",48,2013,9803,6,24,26,17,30,37,2,50,24
"49",49,2013,7059,12,41,8,29,21,15,26,4,25
"50",50,2013,5946,34,31,3,12,7,34,42,29,35
"51",51,2013,6144,38,26,13,30,36,41,42,32,10
"52",52,2013,5015,4,50,22,27,34,34,37,42,31
"53",53,2013,6975,31,26,40,20,15,41,2,40,28
"54",54,2013,6429,23,26,13,36,37,41,35,29,40
"55",55,2013,5948,14,6,49,9,13,4,7,9,10
"56",56,2013,7690,25,2,39,48,3,12,35,7,6
"57",57,2013,9651,15,43,23,24,38,37,23,15,9
"58",58,2013,8924,49,47,39,40,48,37,25,29,26
"59",59,2013,5756,28,45,37,24,19,50,3,39,9
"60",60,2013,7328,43,27,25,46,23,4,8,49,9
"61",61,2013,8726,29,7,43,8,45,36,31,23,50
"62",62,2013,7468,1,14,50,4,12,2,35,41,6
"63",63,2013,7713,24,7,39,29,46,33,18,39,7
"64",64,2013,9966,46,49,11,47,11,22,26,36,12
"65",65,2013,6419,5,28,31,21,5,7,7,45,10
"66",66,2013,6160,11,37,1,42,5,20,20,44,34
"67",67,2013,6866,7,44,44,21,48,39,27,26,37
"68",68,2013,8385,13,16,43,30,22,19,42,42,8
"69",69,2013,6060,34,7,2,35,7,41,45,21,10
"70",70,2013,7778,20,40,27,27,10,49,42,27,46
"71",71,2013,5327,27,9,20,32,35,27,21,19,37
"72",72,2013,8162,4,19,43,4,9,22,50,29,17
"73",73,2013,6217,37,21,18,10,12,21,2,39,6
"74",74,2013,7194,14,42,27,27,35,38,14,34,28
"75",75,2013,9939,21,41,47,26,31,23,13,12,41
"76",76,2013,7841,39,4,48,29,48,45,18,47,8
"77",77,2013,6284,14,26,36,6,24,6,33,30,27
"78",78,2013,9854,15,1,4,41,25,47,6,35,5
"79",79,2013,5333,40,48,22,25,21,17,44,12,37
"80",80,2013,8367,34,4,21,36,4,30,11,37,15
"81",81,2013,5878,11,42,2,40,8,29,17,35,8
"82",82,2013,7896,47,32,41,10,2,10,45,49,43
"83",83,2013,9317,7,16,38,17,8,24,9,35,23
"84",84,2013,7495,43,3,28,35,13,50,18,49,1
"85",85,2013,6246,22,11,32,27,15,17,34,45,35
"86",86,2013,9789,10,41,7,38,18,49,5,2,8
"87",87,2013,9265,24,22,6,2,45,29,34,25,12
"88",88,2013,9482,20,19,30,30,24,33,13,40,49
"89",89,2013,7383,39,27,6,26,27,33,31,45,23
"90",90,2013,7469,35,31,31,13,37,48,25,31,34
"91",91,2013,6751,32,46,8,9,47,45,18,50,25
"92",92,2013,5722,37,47,31,8,48,11,17,22,26
"93",93,2013,9080,35,49,40,4,25,10,20,36,37
"94",94,2013,7761,25,30,12,9,46,7,3,20,50
"95",95,2013,9913,44,39,14,6,41,32,12,14,5
"96",96,2013,7827,18,6,36,8,50,3,44,8,5
"97",97,2013,9990,15,15,19,2,14,3,15,21,30
"98",98,2013,6836,44,3,32,15,5,37,31,22,6
"99",99,2013,7537,6,7,43,13,43,36,14,40,38
"100",100,2013,8171,31,35,23,34,35,27,18,10,34
"101",101,2013,8272,18,41,25,3,37,36,38,31,34
"102",102,2013,8993,13,35,35,41,50,24,3,3,25
"103",103,2013,8142,7,45,13,33,29,13,10,21,21
"104",104,2013,9072,7,8,25,5,30,3,10,49,17
"105",105,2013,7319,45,17,43,30,20,2,35,8,22
"106",106,2013,8153,22,11,50,7,41,1,37,40,6
"107",107,2013,7518,13,22,19,17,37,49,13,18,9
"108",108,2013,7528,45,15,4,48,30,7,27,11,17
"109",109,2013,9806,39,40,11,45,47,2,3,2,6
"110",110,2013,9553,50,4,40,3,1,23,22,3,13
"111",111,2013,5176,21,16,11,21,50,27,18,39,45
"112",112,2013,8299,33,22,44,22,11,41,45,3,28
"113",113,2013,9746,11,12,18,45,15,6,23,44,17
"114",114,2013,8053,1,26,31,31,30,8,27,11,36
"115",115,2013,5113,17,44,33,35,49,12,10,36,40
"116",116,2013,7761,13,41,43,14,38,13,21,25,50
"117",117,2013,5456,18,7,36,18,40,3,39,14,13
"118",118,2013,6148,45,46,5,18,34,50,42,28,35
"119",119,2013,7365,33,27,5,41,31,33,33,21,21
"120",120,2013,9490,24,19,6,46,30,45,32,39,45
"121",121,2013,9195,50,45,4,14,19,8,43,34,9
"122",122,2013,6273,33,45,5,48,29,13,13,42,19
"123",123,2013,7217,46,20,16,38,2,20,9,37,14
"124",124,2013,9671,23,48,48,14,50,33,34,28,45
"125",125,2013,8086,31,18,45,28,42,48,28,23,13
"126",126,2013,8347,34,3,43,5,10,47,40,49,41
"127",127,2013,6582,9,23,17,21,26,36,12,46,42
"128",128,2013,8254,50,21,26,40,6,47,38,6,38
"129",129,2013,5401,20,16,21,49,35,39,12,44,49
"130",130,2013,9989,34,42,35,39,36,7,18,48,48
"131",131,2013,9709,41,2,43,30,15,22,6,5,12
"132",132,2013,6496,40,6,12,33,34,38,28,7,3
"133",133,2013,7570,20,34,30,10,8,7,50,29,6
"134",134,2013,6941,40,40,32,14,38,35,15,22,4
"135",135,2013,7355,38,12,18,45,19,16,19,36,33
"136",136,2013,7687,39,12,9,3,26,37,9,44,29
"137",137,2013,9006,15,43,32,43,43,24,5,15,5
"138",138,2013,6950,17,42,25,33,11,15,4,34,17
"139",139,2013,8405,6,2,12,19,37,23,5,41,49
"140",140,2013,5971,19,4,6,9,21,1,13,15,46
"141",141,2013,9543,27,8,3,20,47,22,15,9,24
"142",142,2013,5491,18,9,20,37,20,32,4,39,32
"143",143,2013,7706,29,45,45,15,23,12,45,3,39
"144",144,2013,6995,7,9,2,14,46,7,19,5,13
"145",145,2013,9755,48,30,36,19,19,40,18,44,8
"146",146,2013,7889,38,20,17,42,33,37,19,48,37
"147",147,2013,5301,24,50,5,23,16,14,20,15,24
"148",148,2013,7385,17,2,36,13,34,31,13,25,2
"149",1,2014,9763,45,29,39,34,4,18,10,3,48
"150",2,2014,7372,47,27,27,44,3,41,29,3,10
"151",3,2014,8024,6,29,34,19,35,29,26,16,38
"152",4,2014,9260,23,7,31,21,9,22,23,44,31
"153",5,2014,8318,7,31,27,9,49,30,29,5,30
"154",6,2014,8017,19,24,48,10,7,2,22,21,30
"155",7,2014,8332,47,30,9,24,28,5,33,32,27
"156",8,2014,5851,38,39,44,36,37,15,12,30,17
"157",9,2014,6069,20,29,27,13,23,27,18,2,14
"158",10,2014,5115,22,29,41,21,22,20,15,18,33
"159",11,2014,9083,24,24,14,11,34,36,1,26,20
"160",12,2014,8603,34,39,23,44,26,36,12,23,41
"161",13,2014,9919,39,35,14,31,13,26,48,8,20
"162",14,2014,7496,17,38,43,13,11,37,20,21,6
"163",15,2014,9899,25,10,1,10,18,16,13,2,21
"164",16,2014,5505,31,34,17,4,21,13,47,49,13
"165",17,2014,5805,41,30,1,23,32,32,46,38,1
"166",18,2014,6578,8,21,41,30,11,7,21,32,33
"167",19,2014,8466,30,47,16,8,34,11,40,34,15
"168",20,2014,9668,26,40,15,16,39,25,20,32,12
"169",21,2014,7450,40,40,39,37,6,42,20,17,34
"170",22,2014,5629,39,41,11,7,15,33,34,21,48
"171",23,2014,8497,23,24,6,46,50,36,3,24,18
"172",24,2014,7573,29,23,30,43,38,20,5,27,15
"173",25,2014,6849,29,23,22,13,5,49,29,7,26
"174",26,2014,9973,15,22,11,27,30,20,41,41,7
"175",27,2014,6977,37,46,48,46,11,18,31,2,16
"176",28,2014,9755,26,42,41,29,44,39,10,45,19
"177",29,2014,5208,37,48,22,26,9,39,16,19,33
"178",30,2014,7351,8,32,49,38,30,35,26,4,23
"179",31,2014,8622,41,47,46,29,27,9,38,11,35
"180",32,2014,6243,33,6,7,4,27,18,29,23,32
"181",33,2014,6919,5,33,5,33,34,42,34,44,36
"182",34,2014,5702,32,7,1,33,30,23,10,10,7
"183",35,2014,6542,25,15,33,9,19,23,21,29,27
"184",36,2014,8581,24,5,20,37,27,1,31,45,24
"185",37,2014,7398,3,15,41,39,45,20,5,44,29
"186",38,2014,6042,32,24,42,40,12,7,50,49,35
"187",39,2014,5176,16,30,31,28,6,13,15,41,1
"188",40,2014,7401,6,2,4,32,9,42,37,23,8
"189",41,2014,5944,47,30,49,8,43,37,49,30,34
"190",42,2014,8201,25,22,41,16,11,28,16,30,10
"191",43,2014,6660,3,25,6,23,46,26,3,45,28
"192",44,2014,7513,37,19,10,19,5,21,36,20,4
"193",45,2014,5055,8,10,17,20,9,14,39,23,26
"194",46,2014,8363,16,23,25,38,9,24,28,21,39
"195",47,2014,5904,31,40,25,45,40,41,3,39,48
"196",48,2014,9182,33,17,21,9,45,36,34,44,19
"197",49,2014,5396,11,33,20,32,37,46,11,35,42
"198",50,2014,7858,44,28,19,20,34,3,26,6,49
"199",51,2014,5075,22,22,34,38,46,9,19,26,17
"200",52,2014,6348,45,50,33,12,6,47,42,46,29
"201",53,2014,8012,19,6,46,7,45,17,47,28,45
"202",54,2014,5980,11,14,6,44,33,28,50,9,33
"203",55,2014,7620,32,4,35,49,33,21,36,9,46
"204",56,2014,9025,22,41,43,17,15,43,20,32,44
"205",57,2014,6484,3,7,37,11,39,42,12,10,42
"206",58,2014,6397,48,33,15,12,33,2,18,36,19
"207",59,2014,7145,42,27,47,9,50,38,8,24,24
"208",60,2014,8234,38,37,29,38,41,44,31,35,6
"209",61,2014,8788,13,44,42,43,9,47,41,37,40
"210",62,2014,8292,34,27,23,42,10,31,25,1,17
"211",63,2014,5902,3,43,30,38,14,16,42,20,25
"212",64,2014,5694,34,17,27,26,4,26,36,24,47
"213",65,2014,5584,36,38,41,1,25,31,26,44,15
"214",66,2014,5903,7,7,37,15,45,3,33,3,11
"215",67,2014,5922,15,38,11,15,38,38,40,16,42
"216",68,2014,6051,28,35,16,48,34,23,38,15,21
"217",69,2014,7154,33,2,10,46,12,15,4,14,37
"218",70,2014,6020,9,44,41,44,35,44,32,23,30
"219",71,2014,6702,24,9,7,37,31,39,13,33,23
"220",72,2014,9739,33,23,20,19,34,28,28,12,25
"221",73,2014,6834,5,27,10,39,43,1,45,47,27
"222",74,2014,6319,49,17,50,29,7,2,39,17,11
"223",75,2014,9847,9,4,4,17,49,45,15,44,18
"224",76,2014,6648,18,26,41,11,23,21,44,22,49
"225",77,2014,9419,16,44,5,28,18,15,45,11,48
"226",78,2014,5400,39,21,23,50,50,15,39,28,29
"227",79,2014,9215,3,39,32,18,21,10,18,2,47
"228",80,2014,5754,15,17,28,24,14,36,3,46,14
"229",81,2014,5908,48,20,29,11,24,13,1,24,39
"230",82,2014,8094,36,45,4,18,10,44,40,8,35
"231",83,2014,5736,1,3,13,31,9,18,41,43,43
"232",84,2014,6816,33,13,20,49,26,33,6,48,24
"233",85,2014,9097,35,24,7,36,26,47,8,12,46
"234",86,2014,8477,17,5,4,49,14,19,29,13,6
"235",87,2014,6350,29,47,47,39,12,7,32,4,5
"236",88,2014,9663,34,40,20,4,47,2,15,29,50
"237",89,2014,6105,2,44,7,41,27,38,14,19,38
"238",90,2014,6868,42,11,14,9,30,33,42,4,43
"239",91,2014,5945,25,15,46,50,18,16,48,6,44
"240",92,2014,7436,12,50,33,12,39,3,23,29,30
"241",93,2014,8495,10,22,14,49,19,22,20,21,1
"242",94,2014,7007,11,15,38,10,17,27,33,45,29
"243",95,2014,5082,46,12,27,28,31,2,12,8,1
"244",96,2014,5339,33,22,48,11,1,39,9,38,50
"245",97,2014,6512,18,49,4,28,15,15,12,48,25
"246",98,2014,6153,39,20,4,5,26,1,26,17,28
"247",99,2014,5734,47,38,16,24,23,26,18,10,46
"248",100,2014,8367,27,22,17,13,23,12,36,12,17
"249",101,2014,9751,8,23,3,14,49,28,35,38,20
"250",102,2014,7413,21,35,6,12,7,7,50,41,17
"251",103,2014,6044,11,13,35,10,47,4,9,31,23
"252",104,2014,7449,28,23,34,21,15,43,43,28,10
"253",105,2014,7732,50,40,44,2,26,11,26,31,40
"254",106,2014,8958,18,11,31,46,33,15,37,13,15
"255",107,2014,6632,45,22,2,25,29,11,23,40,12
"256",108,2014,9228,39,41,24,32,36,15,39,27,18
"257",109,2014,8442,6,25,9,9,43,22,10,22,21
"258",110,2014,6393,4,34,38,47,6,4,27,50,42
"259",111,2014,5696,35,19,33,6,27,19,19,49,14
"260",112,2014,8097,24,31,1,19,12,49,3,25,10
"261",113,2014,9260,33,31,13,7,3,29,33,6,49
"262",114,2014,7234,34,41,29,31,20,37,45,2,31
"263",115,2014,5996,41,45,20,28,11,21,15,32,37
"264",116,2014,6197,30,17,38,46,43,2,13,28,36
"265",117,2014,6940,13,48,30,8,30,50,37,31,41
"266",118,2014,7355,21,24,36,47,35,34,11,10,1
"267",119,2014,5591,13,29,44,44,44,6,22,39,9
"268",120,2014,6616,32,50,44,31,11,15,22,41,15
"269",121,2014,8003,13,23,44,24,2,40,29,20,13
"270",122,2014,7078,19,12,48,7,37,40,27,1,1
"271",123,2014,7933,43,17,35,29,37,23,31,13,20
"272",124,2014,5487,11,12,30,28,5,10,36,46,28
"273",125,2014,8587,47,26,49,3,45,19,3,18,40
"274",126,2014,5261,14,16,22,29,21,46,33,13,29
"275",127,2014,6999,25,23,4,25,38,32,1,50,50
"276",128,2014,5897,44,13,39,16,50,23,19,50,14
"277",129,2014,6895,12,24,35,35,26,4,13,17,2
"278",130,2014,8348,12,49,14,45,33,35,46,10,21
"279",131,2014,5212,8,46,42,14,37,5,40,36,19
"280",132,2014,8401,10,39,41,33,3,16,7,37,4
"281",133,2014,8538,28,1,16,16,15,43,50,3,17
"282",134,2014,9944,42,35,17,26,42,43,44,5,14
"283",135,2014,5536,3,10,34,27,40,37,3,50,23
"284",136,2014,6306,6,35,4,40,28,40,25,22,14
"285",137,2014,5247,5,43,49,4,36,21,4,48,43
"286",138,2014,8667,43,33,21,48,29,15,1,2,33
"287",139,2014,6783,6,34,28,15,39,16,11,6,28
"288",140,2014,6217,13,29,7,4,18,40,25,7,1
"289",141,2014,9309,27,2,42,35,13,12,9,6,13
"290",142,2014,6494,47,6,31,27,32,39,38,15,42
"291",143,2014,9878,34,17,19,8,22,13,45,3,40
"292",144,2014,5003,1,39,2,22,43,6,45,9,22
"293",145,2014,6765,46,7,35,20,11,24,37,29,22
"294",146,2014,5025,29,32,30,15,20,32,6,42,32
"295",147,2014,9256,30,27,25,27,26,6,5,18,18
"296",148,2014,9082,40,35,17,37,9,37,11,25,38
"297",1,2015,7524,3,33,24,16,11,46,15,14,39
"298",2,2015,9083,33,30,31,41,26,41,19,32,38
"299",3,2015,6452,16,15,3,9,3,25,5,41,10
"300",4,2015,8770,8,11,20,19,9,20,9,12,9
"301",5,2015,8788,4,28,33,17,20,7,42,31,44
"302",6,2015,9106,9,4,26,47,33,43,24,42,5
"303",7,2015,9837,36,32,37,50,2,16,48,8,12
"304",8,2015,9769,24,26,29,39,6,13,41,35,49
"305",9,2015,6243,4,41,5,10,2,37,15,38,16
"306",10,2015,6946,26,11,3,27,26,37,25,37,23
"307",11,2015,5350,31,29,45,9,11,20,5,39,36
"308",12,2015,8080,12,40,10,8,21,20,32,43,41
"309",13,2015,8623,13,48,49,29,40,43,26,31,39
"310",14,2015,5338,19,5,11,36,18,7,16,25,6
"311",15,2015,6381,39,9,38,47,38,28,5,49,37
"312",16,2015,9025,44,16,28,23,31,22,30,22,1
"313",17,2015,7202,46,43,28,28,2,33,39,10,30
"314",18,2015,5255,20,12,47,10,39,41,21,25,3
"315",19,2015,5807,46,27,29,15,2,3,22,9,15
"316",20,2015,7516,37,37,13,3,50,1,47,24,37
"317",21,2015,5304,14,27,23,12,30,31,6,39,3
"318",22,2015,7392,26,8,33,44,19,25,3,20,25
"319",23,2015,6003,14,3,31,43,8,40,26,24,27
"320",24,2015,5958,13,1,39,9,18,30,8,41,49
"321",25,2015,9568,45,23,29,29,2,8,7,34,32
"322",26,2015,9004,23,26,4,28,46,29,7,32,10
"323",27,2015,9946,13,5,40,3,3,17,2,21,19
"324",28,2015,6125,39,44,40,33,5,36,1,14,4
"325",29,2015,8092,36,6,20,15,3,19,13,7,40
"326",30,2015,8310,45,39,24,26,22,18,29,21,6
"327",31,2015,8684,49,17,14,6,47,47,19,14,27
"328",32,2015,6078,9,44,26,9,48,45,10,18,32
"329",33,2015,7112,43,34,42,30,9,37,34,24,44
"330",34,2015,9172,25,47,41,37,29,30,14,29,3
"331",35,2015,5601,10,20,29,2,16,7,3,45,34
"332",36,2015,8780,7,18,23,33,16,4,49,45,45
"333",37,2015,7764,44,47,11,10,48,1,45,17,21
"334",38,2015,9045,3,33,6,35,24,27,36,16,14
"335",39,2015,7081,20,43,17,4,45,16,29,13,20
"336",40,2015,6913,4,48,13,34,5,40,37,1,15
"337",41,2015,5017,18,38,46,25,12,14,36,29,29
"338",42,2015,6506,45,3,45,32,45,26,26,8,39
"339",43,2015,7512,15,24,28,15,22,16,3,32,36
"340",44,2015,5486,42,30,41,44,37,47,42,19,19
"341",45,2015,7783,14,5,27,39,49,17,9,48,22
"342",46,2015,6574,40,33,1,3,19,7,4,25,22
"343",47,2015,6585,34,36,16,14,50,46,24,36,34
"344",48,2015,7851,43,9,4,40,5,10,4,5,29
"345",49,2015,8417,44,2,17,35,44,27,20,30,14
"346",50,2015,6440,22,49,21,47,37,21,46,48,43
"347",51,2015,6453,47,22,39,40,30,36,22,4,7
"348",52,2015,6935,18,9,32,19,32,28,41,10,14
"349",53,2015,9819,29,29,29,50,14,4,19,45,27
"350",54,2015,8240,25,22,2,35,13,50,18,40,1
"351",55,2015,8596,5,6,39,25,8,46,26,45,43
"352",56,2015,6591,25,28,42,43,26,4,8,5,3
"353",57,2015,5141,46,28,24,10,12,44,14,10,41
"354",58,2015,9022,46,5,7,19,28,30,32,22,19
"355",59,2015,6479,6,49,5,21,48,7,49,8,32
"356",60,2015,7717,49,46,12,30,27,5,18,40,9
"357",61,2015,9681,36,25,2,20,39,41,8,21,9
"358",62,2015,5812,49,49,27,14,47,48,16,39,44
"359",63,2015,8304,15,39,38,44,39,29,40,13,47
"360",64,2015,6470,50,28,37,29,8,42,20,33,30
"361",65,2015,9011,48,23,15,17,37,16,21,28,3
"362",66,2015,8791,8,46,43,11,1,42,33,1,40
"363",67,2015,7132,7,33,9,12,46,38,4,11,23
"364",68,2015,5896,27,11,32,42,37,17,35,11,26
"365",69,2015,9167,27,18,46,36,49,48,47,25,12
"366",70,2015,9704,32,37,50,33,32,48,1,45,39
"367",71,2015,7618,13,16,38,45,40,39,29,6,19
"368",72,2015,6767,42,21,21,17,15,47,11,6,7
"369",73,2015,9718,40,42,48,10,17,9,24,45,32
"370",74,2015,8699,10,21,22,37,12,12,45,10,11
"371",75,2015,7137,48,2,38,9,27,27,19,6,42
"372",76,2015,9356,6,7,27,6,12,37,44,24,21
"373",77,2015,5296,11,27,14,31,2,23,41,28,35
"374",78,2015,9611,10,34,20,32,4,6,26,37,43
"375",79,2015,5655,30,34,11,4,1,19,32,9,13
"376",80,2015,7747,28,1,28,16,11,8,11,39,22
"377",81,2015,8334,44,14,18,47,30,19,10,12,44
"378",82,2015,7321,15,3,5,28,35,44,43,23,30
"379",83,2015,7905,41,7,35,23,39,38,34,20,2
"380",84,2015,7303,4,21,10,40,1,15,32,25,7
"381",85,2015,7613,28,6,47,16,25,43,45,38,8
"382",86,2015,6831,15,9,37,13,43,2,22,42,47
"383",87,2015,5162,29,11,4,43,30,29,49,3,11
"384",88,2015,5542,10,22,17,33,24,33,43,45,41
"385",89,2015,6695,49,20,12,8,16,14,7,6,35
"386",90,2015,8707,24,2,45,42,29,35,25,21,44
"387",91,2015,5334,18,50,31,41,29,26,30,47,18
"388",92,2015,5627,31,27,29,19,2,37,23,11,35
"389",93,2015,5594,48,26,2,34,49,7,37,15,44
"390",94,2015,6828,26,45,43,48,7,33,35,47,10
"391",95,2015,9916,28,6,38,39,2,16,21,37,23
"392",96,2015,6523,5,31,2,8,19,19,22,6,8
"393",97,2015,8277,13,9,11,34,26,43,2,39,13
"394",98,2015,8545,5,10,31,8,5,31,29,7,15
"395",99,2015,6336,40,5,6,31,49,18,30,3,41
"396",100,2015,6247,31,26,23,34,12,42,8,17,13
"397",101,2015,7829,18,45,22,1,22,49,1,41,4
"398",102,2015,9668,41,1,47,28,22,45,31,44,13
"399",103,2015,9560,32,4,9,16,6,30,17,48,5
"400",104,2015,6822,30,44,45,21,21,32,6,34,37
"401",105,2015,6931,11,2,11,28,10,19,48,22,26
"402",106,2015,7221,10,9,46,23,19,43,33,20,43
"403",107,2015,7508,49,38,20,32,1,36,40,7,34
"404",108,2015,8850,25,37,37,36,38,10,32,31,14
"405",109,2015,7856,16,4,29,6,13,35,40,6,44
"406",110,2015,9047,33,48,10,19,47,27,20,49,35
"407",111,2015,5559,21,34,32,47,32,47,5,29,32
"408",112,2015,5588,20,31,33,13,23,40,37,2,3
"409",113,2015,5243,2,1,17,27,26,44,19,48,2
"410",114,2015,9725,31,7,8,6,41,45,42,30,28
"411",115,2015,5320,28,4,16,22,11,38,45,30,12
"412",116,2015,8553,39,27,30,44,4,38,45,42,22
"413",117,2015,5143,31,5,48,22,25,28,6,45,19
"414",118,2015,8921,4,17,22,6,21,6,25,42,13
"415",119,2015,6703,14,4,17,32,15,6,2,37,29
"416",120,2015,5243,13,4,32,3,47,14,4,48,33
"417",121,2015,7583,21,38,9,19,8,25,36,32,48
"418",122,2015,8164,46,46,2,20,33,16,37,41,47
"419",123,2015,8823,34,2,47,2,8,2,32,33,17
"420",124,2015,6460,33,49,50,40,2,38,27,28,40
"421",125,2015,7697,29,11,9,24,38,10,39,17,32
"422",126,2015,8501,2,33,44,26,5,1,4,32,37
"423",127,2015,7859,50,36,15,42,18,5,15,23,3
"424",128,2015,9354,43,12,19,1,42,14,7,24,12
"425",129,2015,6305,45,2,39,40,22,25,35,2,18
"426",130,2015,6266,37,37,4,47,5,33,49,40,46
"427",131,2015,6888,26,15,33,36,49,14,10,10,36
"428",132,2015,5402,32,7,16,8,32,41,33,9,41
"429",133,2015,8090,27,1,18,5,29,12,29,8,49
"430",134,2015,8335,20,18,22,7,47,11,37,19,37
"431",135,2015,5615,11,49,6,22,43,33,13,11,14
"432",136,2015,9160,50,3,12,7,3,21,15,1,33
"433",137,2015,6915,1,50,22,29,7,11,27,4,50
"434",138,2015,6733,25,31,45,39,12,32,30,1,41
"435",139,2015,6685,33,21,41,8,9,13,16,43,19
"436",140,2015,6402,42,42,18,12,49,48,1,26,2
"437",141,2015,7595,12,34,11,37,37,2,7,39,28
"438",142,2015,5377,29,48,43,22,26,6,33,35,43
"439",143,2015,9336,47,5,18,41,26,46,42,46,43
"440",144,2015,6978,24,47,40,37,25,5,37,38,8
"441",145,2015,5313,23,49,50,27,18,29,18,5,50
"442",146,2015,5091,13,33,28,19,9,36,6,22,31
"443",147,2015,8852,24,11,48,42,24,19,12,34,33
"444",148,2015,7614,39,43,13,19,1,35,33,16,29
"445",1,2016,9916,19,29,36,30,32,19,25,12,15
"446",2,2016,5695,40,35,27,45,9,42,44,27,48
"447",3,2016,7301,8,45,5,43,13,23,30,32,33
"448",4,2016,6663,35,36,33,11,43,16,29,49,15
"449",5,2016,7901,42,25,9,13,1,14,40,40,40
"450",6,2016,7898,22,9,35,50,31,18,2,48,2
"451",7,2016,7142,28,15,14,39,46,10,2,7,22
"452",8,2016,5410,26,45,1,19,11,49,34,17,28
"453",9,2016,8785,19,35,41,7,9,43,46,34,50
"454",10,2016,8192,16,11,11,45,33,1,13,14,46
"455",11,2016,9367,26,21,47,27,2,33,16,29,36
"456",12,2016,5421,25,39,32,19,32,30,37,14,14
"457",13,2016,7333,35,11,2,38,3,43,18,34,18
"458",14,2016,9448,39,36,44,24,10,19,5,12,47
"459",15,2016,5153,2,10,44,38,9,39,27,13,23
"460",16,2016,5527,37,39,23,17,4,16,17,38,34
"461",17,2016,9497,16,17,39,21,5,25,10,10,42
"462",18,2016,6029,15,32,33,8,40,47,44,43,41
"463",19,2016,8269,12,30,8,44,34,49,29,37,7
"464",20,2016,7913,19,29,13,22,41,38,11,26,8
"465",21,2016,6583,33,13,14,42,2,33,28,26,6
"466",22,2016,6832,8,33,25,40,44,10,6,45,17
"467",23,2016,9913,20,3,16,39,34,33,38,27,50
"468",24,2016,6924,15,27,1,10,16,4,9,20,40
"469",25,2016,6442,43,47,35,46,14,30,22,42,14
"470",26,2016,6484,25,8,5,12,42,8,47,10,43
"471",27,2016,8125,43,2,47,11,48,39,39,38,2
"472",28,2016,7111,8,14,8,41,23,39,2,9,47
"473",29,2016,9493,38,27,26,50,46,8,24,12,27
"474",30,2016,6740,11,32,24,21,8,24,21,47,15
"475",31,2016,8949,48,13,2,3,8,49,30,8,13
"476",32,2016,7557,11,49,35,15,10,15,24,9,47
"477",33,2016,6885,42,16,43,46,13,45,1,48,30
"478",34,2016,5208,48,16,25,10,26,1,38,30,1
"479",35,2016,6445,45,9,30,20,42,13,36,45,21
"480",36,2016,9292,18,45,35,43,24,41,13,35,39
"481",37,2016,8784,41,19,36,26,25,3,20,31,17
"482",38,2016,8317,19,44,35,16,18,17,34,47,37
"483",39,2016,9167,34,18,37,18,49,23,32,37,24
"484",40,2016,5918,41,43,34,20,24,12,49,26,3
"485",41,2016,7817,44,27,7,19,13,35,16,5,4
"486",42,2016,7361,19,47,37,35,47,4,36,21,10
"487",43,2016,9603,16,2,13,43,48,42,42,8,13
"488",44,2016,6872,6,11,22,34,25,15,12,3,30
"489",45,2016,7692,26,48,41,24,25,31,17,13,34
"490",46,2016,9760,17,15,8,44,24,11,35,12,7
"491",47,2016,8340,50,16,20,44,34,5,32,48,23
"492",48,2016,6033,8,46,22,34,41,27,34,15,35
"493",49,2016,6180,27,25,45,36,31,20,3,47,32
"494",50,2016,6186,16,45,8,47,8,41,43,10,25
"495",51,2016,5703,46,50,21,3,36,26,20,44,3
"496",52,2016,7515,37,40,7,24,37,39,5,22,24
"497",53,2016,9172,44,41,25,14,6,19,12,10,46
"498",54,2016,5832,18,42,13,2,36,17,7,18,8
"499",55,2016,6967,24,28,10,40,34,6,29,7,46
"500",56,2016,8562,16,9,25,6,39,37,9,6,18
"501",57,2016,8040,28,1,26,32,31,26,2,28,26
"502",58,2016,5529,41,47,14,2,34,35,50,5,36
"503",59,2016,9219,30,36,24,19,38,48,38,36,3
"504",60,2016,6619,45,16,17,29,7,8,2,47,28
"505",61,2016,5743,39,48,31,43,41,15,25,40,38
"506",62,2016,9714,16,31,41,32,43,5,41,2,25
"507",63,2016,8549,17,16,35,7,9,9,9,15,38
"508",64,2016,5301,37,22,41,42,17,48,22,14,42
"509",65,2016,6193,19,12,45,17,21,45,41,42,12
"510",66,2016,6913,25,5,20,49,31,14,4,4,49
"511",67,2016,7392,29,46,12,45,50,41,5,11,46
"512",68,2016,7296,42,3,46,17,18,50,5,18,18
"513",69,2016,9489,7,46,26,10,19,47,48,27,13
"514",70,2016,6738,32,28,46,16,49,47,21,23,14
"515",71,2016,6897,33,13,35,5,21,25,30,22,20
"516",72,2016,6021,48,1,31,7,27,24,31,35,1
"517",73,2016,6718,13,30,44,23,15,25,36,6,36
"518",74,2016,7686,44,18,7,24,31,30,46,44,9
"519",75,2016,5029,27,30,24,2,2,44,31,21,10
"520",76,2016,6341,47,2,41,16,45,3,35,5,40
"521",77,2016,5321,24,35,3,43,46,3,16,33,41
"522",78,2016,5971,31,46,19,44,5,25,40,45,11
"523",79,2016,6506,8,49,13,1,8,7,21,37,5
"524",80,2016,8639,27,5,11,31,15,12,45,5,19
"525",81,2016,5637,7,18,23,48,43,32,1,23,4
"526",82,2016,8890,8,34,8,34,39,44,48,9,48
"527",83,2016,5638,18,41,16,14,13,6,12,43,8
"528",84,2016,8938,14,21,13,50,10,36,32,27,15
"529",85,2016,5870,24,14,16,1,11,25,17,28,46
"530",86,2016,7388,41,32,25,7,45,38,43,49,26
"531",87,2016,6286,28,10,18,47,3,41,50,10,12
"532",88,2016,8094,25,16,14,20,6,45,8,32,24
"533",89,2016,7698,29,19,47,13,38,42,39,20,36
"534",90,2016,9493,7,11,15,7,20,16,9,45,24
"535",91,2016,9304,20,49,38,32,11,36,2,22,34
"536",92,2016,6719,28,21,2,7,9,41,18,50,22
"537",93,2016,9707,1,10,45,37,8,18,13,47,42
"538",94,2016,9890,25,17,1,34,26,8,33,23,19
"539",95,2016,6438,19,47,49,31,23,49,27,49,42
"540",96,2016,8121,39,39,48,36,16,14,22,49,40
"541",97,2016,7220,10,6,50,42,37,37,39,31,50
"542",98,2016,9420,13,32,48,12,8,10,39,6,17
"543",99,2016,7867,1,25,47,6,27,11,7,28,24
"544",100,2016,8223,40,33,19,20,48,17,13,4,14
"545",101,2016,5503,26,32,50,21,20,23,40,4,24
"546",102,2016,7563,20,10,49,23,22,15,50,42,11
"547",103,2016,7507,33,16,39,11,20,2,40,45,7
"548",104,2016,7202,41,10,7,28,49,34,37,35,42
"549",105,2016,6084,43,3,14,27,20,37,38,42,40
"550",106,2016,6040,29,41,35,45,4,25,1,11,46
"551",107,2016,9270,32,5,3,40,21,4,40,17,43
"552",108,2016,8183,11,41,2,20,33,26,28,19,26
"553",109,2016,6597,7,18,8,22,10,28,14,21,50
"554",110,2016,8699,11,46,50,30,20,9,11,2,15
"555",111,2016,9026,26,8,5,33,47,23,12,18,44
"556",112,2016,8006,41,40,16,18,32,10,45,30,41
"557",113,2016,6610,18,36,30,6,4,35,4,46,40
"558",114,2016,8496,43,45,1,24,46,24,2,48,1
"559",115,2016,9350,9,27,29,4,4,47,11,32,19
"560",116,2016,5304,12,27,1,4,33,43,50,42,20
"561",117,2016,5504,36,20,35,25,47,24,44,15,29
"562",118,2016,6471,7,3,4,49,47,38,11,25,21
"563",119,2016,6809,48,10,41,29,49,40,22,1,39
"564",120,2016,6101,49,36,49,42,33,34,40,34,18
"565",121,2016,8554,11,26,42,37,44,6,50,35,47
"566",122,2016,6885,29,5,47,24,37,37,46,50,50
"567",123,2016,6104,46,25,33,22,10,45,35,18,14
"568",124,2016,5956,22,34,45,29,47,11,24,31,5
"569",125,2016,7647,7,46,15,49,18,8,2,6,11
"570",126,2016,8970,21,40,30,45,3,16,41,39,29
"571",127,2016,7852,34,22,34,26,27,38,28,44,23
"572",128,2016,6047,27,34,41,34,20,24,13,34,29
"573",129,2016,6164,15,10,12,1,34,8,1,34,47
"574",130,2016,7447,14,7,46,1,44,32,1,12,39
"575",131,2016,9367,44,35,43,50,17,3,9,18,47
"576",132,2016,5345,3,21,39,38,23,50,12,25,30
"577",133,2016,6462,2,49,12,42,18,22,5,39,24
"578",134,2016,9852,5,44,10,50,28,5,29,10,10
"579",135,2016,8020,31,25,7,42,33,34,16,43,15
"580",136,2016,8812,35,35,39,26,11,46,2,15,17
"581",137,2016,6751,2,14,30,1,27,8,31,23,40
"582",138,2016,8568,40,47,28,40,3,46,12,46,29
"583",139,2016,7012,1,3,20,4,26,10,29,24,28
"584",140,2016,7911,43,23,13,39,5,3,43,10,49
"585",141,2016,7112,16,32,29,49,43,5,25,22,27
"586",142,2016,8794,11,36,42,24,8,29,14,19,25
"587",143,2016,7153,23,44,33,47,28,6,45,48,31
"588",144,2016,6703,23,5,12,35,28,48,30,43,10
"589",145,2016,7972,30,1,45,22,27,20,7,34,35
"590",146,2016,6893,40,34,28,47,38,16,5,42,9
"591",147,2016,7963,13,5,13,35,10,23,15,10,49
"592",148,2016,6553,21,38,33,47,45,40,31,25,34
"593",1,2017,6553,35,33,27,3,30,18,45,46,18
"594",2,2017,8573,9,29,16,20,23,42,18,8,1
"595",3,2017,8666,26,22,41,6,5,49,24,45,15
"596",4,2017,6976,29,38,46,12,27,45,46,23,9
"597",5,2017,5771,33,14,24,36,16,33,44,15,50
"598",6,2017,7790,17,46,19,14,19,47,38,37,47
"599",7,2017,7128,12,47,1,36,26,20,32,50,43
"600",8,2017,5477,8,10,45,27,46,23,47,39,5
"601",9,2017,7537,25,50,5,1,27,36,50,14,38
"602",10,2017,6811,11,47,36,9,13,20,28,42,46
"603",11,2017,8282,19,10,5,10,35,32,44,40,44
"604",12,2017,7227,50,25,35,5,49,30,41,28,23
"605",13,2017,5419,1,50,39,12,19,36,26,28,22
"606",14,2017,9514,20,10,6,4,34,9,5,36,2
"607",15,2017,7920,8,23,36,27,29,5,30,32,14
"608",16,2017,6622,7,16,39,7,14,4,39,37,39
"609",17,2017,6712,11,30,13,10,39,30,35,19,28
"610",18,2017,6253,31,21,15,2,50,32,17,42,45
"611",19,2017,7801,26,7,7,28,20,1,40,22,6
"612",20,2017,7919,49,44,35,18,10,18,38,8,9
"613",21,2017,9258,3,13,30,50,25,21,40,47,22
"614",22,2017,6746,5,28,21,16,23,20,44,10,10
"615",23,2017,6525,23,38,4,20,47,3,32,25,36
"616",24,2017,6679,49,1,18,26,41,16,41,24,26
"617",25,2017,6742,11,1,29,20,24,32,24,14,22
"618",26,2017,9493,41,18,8,1,28,50,6,32,22
"619",27,2017,5992,23,30,20,35,19,24,43,31,26
"620",28,2017,8713,6,19,39,14,36,33,43,34,10
"621",29,2017,9892,40,8,29,27,30,17,2,38,37
"622",30,2017,7211,33,1,12,38,18,11,5,37,6
"623",31,2017,7575,33,28,34,2,45,9,9,27,21
"624",32,2017,9515,2,14,25,35,6,27,20,48,47
"625",33,2017,7040,3,41,22,26,19,20,8,20,41
"626",34,2017,7272,49,39,33,40,8,12,15,1,18
"627",35,2017,9564,25,40,25,47,24,3,41,13,23
"628",36,2017,9026,35,37,30,40,26,17,12,22,12
"629",37,2017,8052,14,12,33,44,40,49,29,8,30
"630",38,2017,5683,20,39,35,10,34,19,21,8,32
"631",39,2017,9711,38,31,17,1,48,43,48,4,14
"632",40,2017,6443,21,41,2,44,34,42,17,49,12
"633",41,2017,6557,6,24,24,38,20,32,28,11,22
"634",42,2017,9544,49,15,2,50,7,16,19,2,25
"635",43,2017,6405,47,43,43,40,2,33,10,13,48
"636",44,2017,8758,39,16,3,20,33,2,6,18,2
"637",45,2017,8242,18,48,25,50,39,27,40,19,23
"638",46,2017,7018,19,18,18,20,47,49,39,50,17
"639",47,2017,6816,1,4,13,19,40,26,36,12,8
"640",48,2017,8756,30,23,49,4,5,41,15,47,48
"641",49,2017,7463,26,43,38,12,4,19,41,29,39
"642",50,2017,5485,5,44,25,43,28,8,17,42,38
"643",51,2017,7569,37,40,37,41,12,18,6,26,32
"644",52,2017,5412,6,14,27,26,11,42,2,21,28
"645",53,2017,9507,45,24,16,19,12,47,6,17,31
"646",54,2017,6502,49,20,24,1,39,4,10,14,10
"647",55,2017,8075,27,40,38,21,3,43,6,41,7
"648",56,2017,6671,12,21,16,7,48,37,47,26,23
"649",57,2017,5181,31,47,1,10,50,4,10,38,40
"650",58,2017,6066,28,14,9,45,16,5,26,36,28
"651",59,2017,8926,22,31,25,9,25,1,26,14,28
"652",60,2017,5722,45,48,41,44,44,10,1,12,34
"653",61,2017,6141,15,31,34,12,27,1,34,37,35
"654",62,2017,6377,45,40,33,42,36,27,5,8,46
"655",63,2017,5407,16,50,10,1,46,42,41,23,47
"656",64,2017,7914,44,8,23,33,27,32,23,40,47
"657",65,2017,8098,32,48,3,14,23,35,16,14,17
"658",66,2017,8172,8,47,37,23,49,37,14,44,37
"659",67,2017,8472,41,23,6,22,37,31,15,38,8
"660",68,2017,6007,29,4,23,34,20,1,16,7,48
"661",69,2017,5225,37,42,32,5,23,8,28,42,46
"662",70,2017,5433,46,10,33,17,45,3,10,12,4
"663",71,2017,9893,31,21,29,2,31,32,46,36,39
"664",72,2017,7561,16,5,45,40,5,41,26,10,28
"665",73,2017,9898,12,28,12,38,19,28,46,30,47
"666",74,2017,8672,29,25,19,29,34,33,48,32,19
"667",75,2017,8411,50,43,15,14,7,29,6,16,43
"668",76,2017,8830,37,28,40,22,18,35,38,27,20
"669",77,2017,7324,25,20,50,40,36,6,1,7,43
"670",78,2017,6578,28,14,10,19,16,24,14,34,10
"671",79,2017,7284,9,25,26,1,26,17,14,21,19
"672",80,2017,7363,17,6,36,2,35,22,34,38,35
"673",81,2017,8747,20,39,16,38,48,10,37,13,27
"674",82,2017,9506,28,43,2,15,32,28,6,26,39
"675",83,2017,8912,11,41,27,11,46,25,42,16,31
"676",84,2017,9303,3,13,22,37,26,11,43,28,39
"677",85,2017,9260,21,50,19,10,28,32,28,49,24
"678",86,2017,7529,34,32,40,21,26,36,38,5,45
"679",87,2017,6790,36,30,42,49,50,4,18,25,15
"680",88,2017,5784,30,33,38,15,35,49,47,2,39
"681",89,2017,8866,18,48,13,35,2,4,20,14,1
"682",90,2017,7708,24,22,13,13,36,16,10,14,13
"683",91,2017,7064,34,34,18,48,21,46,44,4,45
"684",92,2017,9715,9,15,12,9,50,37,23,1,31
"685",93,2017,8109,18,49,38,3,13,22,19,50,35
"686",94,2017,6388,22,38,9,4,29,48,36,50,41
"687",95,2017,5000,10,46,27,14,38,49,29,36,32
"688",96,2017,7842,17,39,40,38,14,50,27,35,13
"689",97,2017,5211,5,33,16,5,11,32,49,16,31
"690",98,2017,7706,30,37,19,4,5,32,40,42,38
"691",99,2017,5229,49,31,36,4,10,4,11,32,18
"692",100,2017,5130,47,20,3,21,9,13,2,21,22
"693",101,2017,9411,33,10,43,10,41,43,17,28,35
"694",102,2017,6812,42,31,26,16,48,22,31,47,31
"695",103,2017,5902,42,9,9,13,13,1,9,44,24
"696",104,2017,8550,9,32,46,23,42,43,23,15,30
"697",105,2017,6149,36,26,6,50,27,19,36,47,21
"698",106,2017,8488,37,8,13,13,12,38,27,26,21
"699",107,2017,5307,47,48,1,44,22,27,28,1,24
"700",108,2017,9302,49,45,27,26,7,34,34,10,37
"701",109,2017,6885,34,8,29,36,35,29,48,35,48
"702",110,2017,6424,32,15,6,15,31,50,10,11,29
"703",111,2017,6153,26,45,48,2,25,28,1,31,16
"704",112,2017,7016,16,33,9,48,43,27,44,16,27
"705",113,2017,5849,7,3,18,29,32,46,49,9,17
"706",114,2017,7573,12,50,43,42,5,1,28,7,43
"707",115,2017,8792,13,39,1,3,23,13,17,24,19
"708",116,2017,9388,47,8,5,50,12,30,48,18,19
"709",117,2017,8269,46,14,41,46,11,39,43,43,42
"710",118,2017,9932,46,22,10,49,2,43,18,41,20
"711",119,2017,7727,31,4,25,24,21,50,25,7,23
"712",120,2017,6603,35,40,41,37,46,18,13,9,17
"713",121,2017,6271,33,36,5,34,28,13,21,26,28
"714",122,2017,5492,18,15,12,45,10,36,45,39,33
"715",123,2017,6526,14,32,13,5,24,33,40,11,31
"716",124,2017,5252,35,25,7,37,25,23,17,18,29
"717",125,2017,6018,20,38,26,42,31,26,37,32,41
"718",126,2017,6341,5,5,30,42,23,28,41,48,7
"719",127,2017,6754,15,48,15,8,37,1,41,42,1
"720",128,2017,7757,11,49,35,50,19,6,42,36,20
"721",129,2017,8615,41,47,37,5,28,34,32,48,20
"722",130,2017,7558,35,23,22,32,12,18,42,43,42
"723",131,2017,7759,24,45,21,28,11,27,36,18,36
"724",132,2017,5668,47,13,32,8,13,7,36,2,40
"725",133,2017,8688,27,2,16,29,28,9,26,36,9
"726",134,2017,9978,27,33,36,2,22,30,13,6,13
"727",135,2017,9880,17,39,7,30,25,28,27,44,3
"728",136,2017,6167,41,37,22,33,8,21,4,34,33
"729",137,2017,8626,33,16,39,21,28,22,11,28,3
"730",138,2017,8045,40,2,50,26,39,40,34,6,27
"731",139,2017,6251,3,9,5,20,20,25,16,48,3
"732",140,2017,9800,21,12,20,39,4,16,43,6,37
"733",141,2017,6359,25,12,46,4,34,21,14,25,48
"734",142,2017,7262,29,36,6,16,46,49,27,8,38
"735",143,2017,7396,5,3,45,17,5,36,4,36,23
"736",144,2017,6087,24,2,19,13,13,28,41,10,47
"737",145,2017,8142,17,43,33,19,24,33,8,46,15
"738",146,2017,9839,7,5,20,42,35,12,31,27,42
"739",147,2017,9749,19,13,24,30,11,19,32,17,5
"740",148,2017,7747,3,19,36,41,42,9,14,14,48
"741",1,2018,7083,23,22,48,30,36,2,50,19,15
"742",2,2018,9035,19,45,19,12,28,8,48,34,45
"743",3,2018,5849,42,44,22,44,36,16,23,6,28
"744",4,2018,6612,14,19,34,11,31,14,20,11,6
"745",5,2018,5022,44,38,19,42,41,39,18,35,6
"746",6,2018,7021,4,30,4,38,28,23,16,43,42
"747",7,2018,8429,34,50,34,44,4,19,33,30,21
"748",8,2018,7149,34,12,41,31,18,10,48,27,50
"749",9,2018,5185,20,45,9,28,30,6,7,21,49
"750",10,2018,6395,18,50,35,12,27,3,26,2,48
"751",11,2018,7297,24,19,39,40,35,49,42,42,31
"752",12,2018,6800,21,16,39,41,38,7,47,32,48
"753",13,2018,6431,5,7,22,24,19,50,8,29,14
"754",14,2018,8596,44,49,4,9,8,20,2,41,23
"755",15,2018,7738,41,26,45,8,20,10,45,19,31
"756",16,2018,5119,46,8,34,28,23,41,29,21,16
"757",17,2018,9751,24,7,16,23,6,35,41,39,33
"758",18,2018,7893,10,19,21,18,23,48,17,36,36
"759",19,2018,9393,1,28,25,46,4,49,22,47,8
"760",20,2018,7268,48,6,45,23,25,39,24,14,43
"761",21,2018,6292,17,16,31,4,7,18,41,14,48
"762",22,2018,5909,37,49,33,49,37,31,2,39,5
"763",23,2018,6789,5,3,10,30,6,9,43,12,30
"764",24,2018,5958,6,37,39,19,22,8,7,39,38
"765",25,2018,5471,6,15,30,23,35,25,26,36,18
"766",26,2018,5285,22,34,22,6,24,19,49,39,49
"767",27,2018,9410,35,49,46,18,8,1,7,3,50
"768",28,2018,6040,29,8,27,47,49,11,17,50,11
"769",29,2018,5923,34,49,31,14,1,44,3,8,20
"770",30,2018,8018,29,16,19,35,40,38,33,47,38
"771",31,2018,9540,1,45,20,22,16,44,18,1,11
"772",32,2018,8687,10,46,39,33,25,34,3,33,14
"773",33,2018,5295,18,15,16,32,34,45,41,45,48
"774",34,2018,5439,31,22,14,42,41,46,8,40,16
"775",35,2018,7900,48,44,47,8,34,50,48,16,27
"776",36,2018,5446,42,49,30,19,23,48,44,35,47
"777",37,2018,8299,34,25,18,46,39,2,1,14,48
"778",38,2018,8027,5,40,17,27,41,18,28,38,43
"779",39,2018,5560,9,3,40,5,4,1,13,34,39
"780",40,2018,7713,1,31,1,40,26,20,11,8,3
"781",41,2018,7875,40,1,14,11,50,19,41,27,49
"782",42,2018,6357,43,27,30,4,39,39,50,35,22
"783",43,2018,9299,49,15,21,29,17,27,41,12,37
"784",44,2018,6534,7,6,4,19,14,49,26,28,4
"785",45,2018,9590,19,35,3,3,26,27,50,14,30
"786",46,2018,8014,25,48,14,42,20,28,27,45,28
"787",47,2018,6179,7,29,29,26,8,18,40,21,36
"788",48,2018,8090,39,25,47,2,33,34,24,48,28
"789",49,2018,9972,28,26,3,44,7,1,7,38,46
"790",50,2018,5898,13,46,7,50,47,21,20,40,39
"791",51,2018,8236,26,13,38,38,44,26,45,31,13
"792",52,2018,6754,22,17,17,48,5,33,28,4,11
"793",53,2018,8960,38,22,1,43,37,41,33,47,36
"794",54,2018,8208,38,42,23,19,11,44,9,41,26
"795",55,2018,9671,49,49,49,7,27,39,27,9,13
"796",56,2018,5483,34,41,7,48,3,26,39,3,3
"797",57,2018,7275,20,44,15,21,21,24,11,13,15
"798",58,2018,6244,6,9,25,49,25,44,38,5,43
"799",59,2018,5397,37,29,40,18,18,4,26,48,15
"800",60,2018,9652,3,39,21,7,46,15,2,31,10
"801",61,2018,8288,42,5,46,24,24,5,47,37,40
"802",62,2018,6440,25,36,16,21,39,42,11,16,15
"803",63,2018,9137,32,10,15,20,42,48,6,15,48
"804",64,2018,9413,39,49,46,37,48,34,19,5,8
"805",65,2018,5639,33,46,13,43,48,21,21,6,1
"806",66,2018,8055,15,21,11,1,4,49,41,2,41
"807",67,2018,8242,14,8,48,12,49,18,4,45,14
"808",68,2018,6847,43,48,44,50,20,48,20,9,49
"809",69,2018,7811,44,28,40,21,39,49,33,42,19
"810",70,2018,7250,43,8,19,30,29,39,39,3,21
"811",71,2018,8259,27,47,16,26,9,19,39,17,16
"812",72,2018,5431,1,8,44,49,26,11,4,3,27
"813",73,2018,6201,38,16,35,23,20,2,39,18,39
"814",74,2018,7079,43,44,33,13,50,22,38,4,7
"815",75,2018,6803,2,36,49,11,8,8,21,48,16
"816",76,2018,5022,47,44,12,9,10,30,41,39,45
"817",77,2018,9756,31,6,29,24,16,46,11,39,25
"818",78,2018,9781,3,26,29,17,12,15,46,48,7
"819",79,2018,9007,13,42,47,17,25,11,7,42,38
"820",80,2018,8893,33,14,40,19,29,21,23,1,15
"821",81,2018,5218,46,43,3,20,4,15,35,22,18
"822",82,2018,5434,21,2,27,47,45,6,20,31,34
"823",83,2018,8013,45,50,16,28,25,27,27,34,13
"824",84,2018,8671,9,43,17,42,15,1,32,5,24
"825",85,2018,8870,49,39,38,5,30,15,39,27,45
"826",86,2018,5005,31,49,43,49,7,12,43,30,39
"827",87,2018,6774,7,8,27,43,30,28,5,29,44
"828",88,2018,6400,3,47,41,30,34,33,22,4,12
"829",89,2018,7755,22,25,43,3,3,28,4,2,41
"830",90,2018,9867,1,39,48,35,10,32,13,16,39
"831",91,2018,9520,29,25,15,29,20,48,4,12,35
"832",92,2018,6455,21,21,33,32,11,48,43,27,18
"833",93,2018,9154,48,50,41,28,7,19,11,37,18
"834",94,2018,7697,46,32,28,40,1,15,47,49,4
"835",95,2018,9678,1,5,20,21,16,20,17,22,26
"836",96,2018,9157,5,49,10,2,13,28,6,48,1
"837",97,2018,8246,47,21,36,25,10,14,31,42,18
"838",98,2018,9574,14,31,47,43,41,48,41,36,17
"839",99,2018,9084,9,20,44,10,33,3,23,24,13
"840",100,2018,9624,28,38,31,37,3,45,7,28,32
"841",101,2018,9411,6,9,16,31,48,20,23,33,9
"842",102,2018,8200,7,41,5,14,49,40,14,27,14
"843",103,2018,6627,49,49,40,8,4,43,2,4,37
"844",104,2018,6522,9,24,29,4,16,32,34,20,35
"845",105,2018,6872,1,27,46,20,22,8,20,17,22
"846",106,2018,7034,47,46,16,40,27,12,21,37,37
"847",107,2018,7293,32,47,47,7,10,5,25,17,21
"848",108,2018,7755,8,20,28,40,29,36,39,42,22
"849",109,2018,9369,15,26,20,44,16,4,2,45,38
"850",110,2018,6950,24,50,41,43,7,36,42,37,24
"851",111,2018,9071,5,45,11,37,26,24,10,35,27
"852",112,2018,7453,3,38,19,50,3,8,7,14,2
"853",113,2018,8551,20,24,25,33,39,22,32,21,10
"854",114,2018,5671,32,49,45,2,37,11,6,33,49
"855",115,2018,9596,10,26,17,18,47,15,47,5,6
"856",116,2018,7841,32,33,25,15,23,29,17,34,39
"857",117,2018,7269,1,1,35,30,32,5,1,8,17
"858",118,2018,5128,30,46,29,27,15,15,12,41,33
"859",119,2018,6299,16,49,31,34,47,22,42,22,26
"860",120,2018,7311,7,30,26,42,4,7,9,32,28
"861",121,2018,8855,13,34,38,22,48,9,25,34,37
"862",122,2018,6017,44,13,36,37,28,22,30,28,28
"863",123,2018,6687,12,40,42,49,22,2,19,50,33
"864",124,2018,9380,30,25,25,18,8,43,37,15,45
"865",125,2018,6929,35,7,8,2,17,12,29,1,2
"866",126,2018,8113,34,13,41,4,8,14,14,19,42
"867",127,2018,6935,9,48,20,45,4,13,43,39,23
"868",128,2018,9739,44,7,29,50,36,40,1,19,15
"869",129,2018,5893,47,25,47,37,35,10,2,35,33
"870",130,2018,6463,30,39,23,5,33,14,46,33,30
"871",131,2018,8545,10,4,29,28,29,12,7,19,42
"872",132,2018,5104,41,29,39,46,41,39,42,47,13
"873",133,2018,5856,21,27,36,14,38,39,7,43,17
"874",134,2018,6170,45,23,21,6,16,44,34,10,49
"875",135,2018,9251,34,21,20,34,17,7,18,35,8
"876",136,2018,8855,7,6,10,31,21,31,20,48,16
"877",137,2018,9694,7,27,44,26,42,2,50,50,42
"878",138,2018,5547,19,40,12,44,39,16,3,16,11
"879",139,2018,9871,9,29,49,1,30,37,34,25,24
"880",140,2018,5653,21,30,12,28,18,7,38,23,46
"881",141,2018,5731,3,16,28,24,6,49,33,32,38
"882",142,2018,5597,47,42,44,14,32,19,3,32,36
"883",143,2018,7480,3,5,3,3,23,9,15,6,32
"884",144,2018,6695,27,10,24,19,6,10,24,26,1
"885",145,2018,8002,5,38,16,45,38,19,21,41,7
"886",146,2018,6827,31,26,46,32,9,3,8,34,42
"887",147,2018,7010,23,27,39,47,40,37,38,4,35
"888",148,2018,7840,6,3,3,42,1,12,34,26,36
"889",1,2019,7697,6,38,49,1,39,50,29,29,10
"890",2,2019,6005,25,11,17,18,25,33,49,46,41
"891",3,2019,7836,20,11,12,31,19,46,47,42,44
"892",4,2019,6884,25,29,24,19,24,29,39,17,17
"893",5,2019,8728,4,45,18,24,39,46,28,21,14
"894",6,2019,5988,33,36,37,8,9,17,45,24,48
"895",7,2019,7348,47,10,40,23,16,23,20,15,3
"896",8,2019,7241,15,21,50,1,3,49,14,35,38
"897",9,2019,5492,8,44,27,31,15,33,30,42,4
"898",10,2019,6930,39,31,41,16,5,42,29,18,50
"899",11,2019,8758,9,14,33,39,39,1,10,43,30
"900",12,2019,6093,39,3,49,23,22,33,48,4,35
"901",13,2019,8967,38,46,38,26,29,5,29,49,24
"902",14,2019,7170,26,49,45,23,34,45,41,4,37
"903",15,2019,8427,11,42,34,21,37,38,1,50,40
"904",16,2019,6495,26,39,30,18,25,15,37,49,25
"905",17,2019,6132,48,5,9,21,24,32,24,43,25
"906",18,2019,5157,37,26,31,16,4,35,25,18,50
"907",19,2019,9884,33,1,13,20,21,20,50,47,14
"908",20,2019,6893,48,46,7,41,37,44,25,17,40
"909",21,2019,5775,31,18,42,13,35,31,39,21,26
"910",22,2019,8927,22,49,38,8,38,30,10,38,39
"911",23,2019,9716,49,32,42,29,15,47,19,17,41
"912",24,2019,6978,17,4,48,9,18,8,18,17,1
"913",25,2019,5856,42,50,16,10,45,26,31,37,39
"914",26,2019,5526,2,13,11,35,31,12,23,33,19
"915",27,2019,6536,11,15,27,45,46,37,3,50,24
"916",28,2019,8720,49,4,10,44,8,16,29,27,46
"917",29,2019,8165,18,28,4,40,5,34,20,10,43
"918",30,2019,6534,25,42,41,10,26,43,11,26,33
"919",31,2019,7368,10,41,2,41,10,2,35,14,7
"920",32,2019,6026,47,43,16,11,5,26,40,32,28
"921",33,2019,5129,10,41,20,19,31,17,2,3,35
"922",34,2019,8442,34,46,2,11,8,19,8,16,5
"923",35,2019,6819,10,18,41,41,43,40,15,3,36
"924",36,2019,6962,6,18,50,44,20,26,18,42,4
"925",37,2019,7812,30,15,16,31,30,27,19,22,20
"926",38,2019,6340,28,8,18,25,39,30,50,32,40
"927",39,2019,7927,12,4,31,21,8,47,28,6,26
"928",40,2019,9219,42,27,3,48,2,16,15,40,36
"929",41,2019,7374,37,38,38,4,44,48,12,46,38
"930",42,2019,7163,14,27,35,24,32,44,42,29,29
"931",43,2019,6667,45,9,13,14,13,40,30,33,41
"932",44,2019,5135,29,23,21,24,47,31,17,22,31
"933",45,2019,6692,2,27,36,2,33,41,23,32,10
"934",46,2019,5415,7,49,43,47,43,48,49,39,44
"935",47,2019,8400,36,29,21,9,34,9,48,41,1
"936",48,2019,8942,16,49,19,5,48,12,28,8,37
"937",49,2019,6084,33,48,26,2,5,30,12,11,42
"938",50,2019,6599,39,19,48,26,33,31,48,5,20
"939",51,2019,9766,32,49,37,5,46,44,32,13,23
"940",52,2019,8216,34,38,23,36,42,20,44,20,17
"941",53,2019,6944,15,18,36,3,38,45,3,20,1
"942",54,2019,8162,47,26,10,37,46,49,24,24,25
"943",55,2019,6252,50,20,38,47,25,45,2,20,39
"944",56,2019,6058,8,10,16,10,50,31,48,26,23
"945",57,2019,8273,16,26,32,11,5,16,38,8,3
"946",58,2019,7472,42,11,13,44,18,14,37,44,25
"947",59,2019,6249,24,23,48,24,40,7,4,4,47
"948",60,2019,9394,38,8,9,45,7,47,39,34,27
"949",61,2019,7984,50,24,39,4,41,16,15,20,10
"950",62,2019,8662,50,43,30,33,33,48,44,19,32
"951",63,2019,6312,32,49,10,14,29,42,35,10,22
"952",64,2019,5077,37,49,25,38,36,37,38,3,5
"953",65,2019,5432,30,20,33,32,19,28,16,33,3
"954",66,2019,7231,14,33,35,22,34,22,2,49,49
"955",67,2019,5890,3,15,8,22,2,36,22,44,35
"956",68,2019,9971,38,32,45,25,21,4,6,49,26
"957",69,2019,9639,42,24,35,8,16,37,24,29,1
"958",70,2019,6821,47,48,20,1,21,47,50,25,32
"959",71,2019,5660,17,42,40,41,13,30,21,43,35
"960",72,2019,8334,30,7,6,18,17,6,8,5,13
"961",73,2019,6345,11,6,1,13,3,15,7,31,32
"962",74,2019,6092,35,22,11,44,27,13,16,45,7
"963",75,2019,9922,26,16,34,40,49,13,39,31,37
"964",76,2019,8657,46,22,12,33,42,28,12,26,5
"965",77,2019,7470,6,24,41,35,35,13,42,21,8
"966",78,2019,8381,33,25,4,16,1,38,43,45,16
"967",79,2019,9611,27,26,2,50,9,32,19,15,50
"968",80,2019,7686,28,4,1,39,32,24,34,50,13
"969",81,2019,5356,32,9,35,16,4,16,33,39,45
"970",82,2019,6661,28,43,34,22,6,36,42,16,11
"971",83,2019,8902,2,25,41,22,38,17,23,26,21
"972",84,2019,6371,38,49,13,26,5,7,36,37,40
"973",85,2019,8780,43,19,37,49,33,49,37,39,2
"974",86,2019,9460,14,22,35,27,6,3,36,10,40
"975",87,2019,5816,41,10,10,41,49,34,10,20,25
"976",88,2019,9905,22,7,3,31,42,40,3,32,45
"977",89,2019,6166,13,31,30,5,42,32,27,9,1
"978",90,2019,9220,49,26,27,9,32,11,6,50,41
"979",91,2019,9337,24,30,29,26,3,14,46,19,37
"980",92,2019,5799,43,11,44,12,19,2,21,20,2
"981",93,2019,6111,9,25,36,29,44,34,14,28,24
"982",94,2019,6055,26,39,15,22,38,12,9,28,43
"983",95,2019,8375,21,39,23,37,49,44,21,34,32
"984",96,2019,5818,27,28,24,2,7,17,10,48,34
"985",97,2019,7301,40,41,14,43,7,36,49,48,38
"986",98,2019,5191,39,12,1,43,15,10,16,25,31
"987",99,2019,9277,6,18,43,5,39,7,36,18,29
"988",100,2019,7697,17,48,15,1,29,5,29,8,6
"989",101,2019,6009,10,31,6,27,10,24,30,37,28
"990",102,2019,8690,16,43,47,8,25,13,36,16,25
"991",103,2019,7172,15,24,31,7,31,22,31,19,43
"992",104,2019,5833,12,21,20,38,24,16,32,40,15
"993",105,2019,7595,2,14,49,38,11,38,45,32,12
"994",106,2019,7348,7,2,2,15,45,6,46,32,4
"995",107,2019,7097,13,5,19,1,44,38,39,44,49
"996",108,2019,6124,5,24,4,8,38,15,27,39,13
"997",109,2019,6683,14,1,20,26,29,34,22,50,25
"998",110,2019,6387,35,19,24,40,41,28,22,15,7
"999",111,2019,8053,20,42,21,1,2,50,31,6,4
"1000",112,2019,9921,28,1,3,19,43,25,17,47,33
"1001",113,2019,7210,48,20,31,50,36,10,48,1,37
"1002",114,2019,9536,16,27,5,22,40,26,27,22,15
"1003",115,2019,5549,27,21,46,47,18,28,18,20,8
"1004",116,2019,8853,22,32,21,3,44,16,39,14,48
"1005",117,2019,8513,46,36,16,49,11,40,2,49,7
"1006",118,2019,8699,49,37,14,46,47,40,12,46,19
"1007",119,2019,6573,26,2,30,6,31,15,27,29,25
"1008",120,2019,9997,36,8,28,6,49,30,19,40,2
"1009",121,2019,5210,10,44,21,23,17,33,50,36,6
"1010",122,2019,5558,35,45,17,46,31,4,41,47,4
"1011",123,2019,6870,40,46,21,2,36,20,27,22,49
"1012",124,2019,5956,11,41,45,29,36,33,18,40,49
"1013",125,2019,9954,2,32,14,14,32,16,47,8,38
"1014",126,2019,7614,49,30,4,11,6,42,27,37,11
"1015",127,2019,6601,12,2,29,45,50,41,43,1,47
"1016",128,2019,8601,2,9,45,23,2,23,7,36,43
"1017",129,2019,9019,13,3,34,34,13,23,32,29,35
"1018",130,2019,8070,38,39,46,26,20,23,15,10,30
"1019",131,2019,7884,11,31,23,5,7,37,7,43,50
"1020",132,2019,8181,39,25,17,3,24,25,31,11,26
"1021",133,2019,8858,43,46,2,25,39,18,32,2,50
"1022",134,2019,5492,45,28,1,44,47,39,31,37,44
"1023",135,2019,5277,30,9,43,36,6,7,47,8,38
"1024",136,2019,8474,45,34,11,4,20,24,30,42,36
"1025",137,2019,7658,23,10,27,43,34,23,20,20,12
"1026",138,2019,9240,21,43,32,26,25,22,4,2,9
"1027",139,2019,9368,15,13,46,5,20,19,47,38,43
"1028",140,2019,7222,23,34,9,46,2,16,21,20,23
"1029",141,2019,9910,39,1,33,42,33,4,46,2,19
"1030",142,2019,5313,24,45,13,41,44,6,1,24,39
"1031",143,2019,7274,47,40,13,35,45,27,36,50,29
"1032",144,2019,8373,28,24,38,39,50,7,42,48,10
"1033",145,2019,8198,16,20,29,2,29,1,1,43,45
"1034",146,2019,9597,32,49,32,21,39,41,43,39,45
"1035",147,2019,7429,46,35,41,37,17,39,14,14,20
"1036",148,2019,6300,33,29,33,2,28,17,7,37,43
"1037",1,2020,5358,7,5,37,23,47,46,47,34,25
"1038",2,2020,9633,21,40,46,38,16,12,39,42,44
"1039",3,2020,5905,48,1,13,27,10,44,44,19,19
"1040",4,2020,9372,49,28,5,26,48,23,21,6,11
"1041",5,2020,7206,44,23,11,17,31,30,35,14,39
"1042",6,2020,5223,17,31,38,40,7,37,27,42,8
"1043",7,2020,9020,32,30,12,6,42,46,41,43,17
"1044",8,2020,5354,26,7,26,16,19,24,46,3,30
"1045",9,2020,5866,33,30,8,23,35,37,1,50,36
"1046",10,2020,6256,49,42,13,33,49,41,15,42,37
"1047",11,2020,8250,7,37,6,29,2,33,6,17,7
"1048",12,2020,7206,1,32,31,32,39,21,32,43,14
"1049",13,2020,9013,25,9,22,18,19,26,2,26,39
"1050",14,2020,9750,42,41,27,36,7,40,42,19,29
"1051",15,2020,5517,42,1,28,35,20,37,25,18,48
"1052",16,2020,6697,1,10,42,50,17,35,3,27,7
"1053",17,2020,6736,2,2,12,28,29,41,6,10,47
"1054",18,2020,5738,50,3,35,22,4,29,46,45,6
"1055",19,2020,9691,19,4,44,41,44,20,33,34,50
"1056",20,2020,6468,29,24,33,50,26,1,2,43,32
"1057",21,2020,6950,16,50,1,26,11,30,38,48,19
"1058",22,2020,5757,20,47,37,42,47,19,33,37,46
"1059",23,2020,9071,47,10,22,17,21,18,11,44,30
"1060",24,2020,7733,37,23,40,3,24,42,32,23,1
"1061",25,2020,8398,47,2,39,25,17,5,8,46,19
"1062",26,2020,9211,5,27,7,46,41,15,6,39,7
"1063",27,2020,9100,22,29,1,18,26,45,49,40,46
"1064",28,2020,8635,2,42,21,33,39,34,49,11,7
"1065",29,2020,6850,13,38,14,44,30,29,32,31,46
"1066",30,2020,6691,18,2,35,2,2,30,27,32,9
"1067",31,2020,9616,40,2,24,21,18,45,37,49,13
"1068",32,2020,8750,46,31,50,47,26,4,8,27,5
"1069",33,2020,5690,19,24,36,34,27,48,12,11,41
"1070",34,2020,7741,46,40,30,21,1,6,46,44,4
"1071",35,2020,8088,41,29,20,36,38,25,4,42,34
"1072",36,2020,8039,50,23,38,45,1,21,15,22,1
"1073",37,2020,8189,39,27,45,11,18,18,42,13,2
"1074",38,2020,6782,44,31,45,26,1,6,35,42,33
"1075",39,2020,5199,43,44,49,22,48,29,35,4,24
"1076",40,2020,7511,46,22,9,26,6,16,11,26,47
"1077",41,2020,5880,25,42,45,38,46,42,34,25,46
"1078",42,2020,6332,21,29,46,29,32,20,19,11,47
"1079",43,2020,6914,22,42,24,15,43,22,50,14,40
"1080",44,2020,9469,25,49,39,48,45,28,49,28,23
"1081",45,2020,8757,9,38,41,15,12,24,31,26,6
"1082",46,2020,5022,39,34,15,48,7,49,39,22,41
"1083",47,2020,8932,22,35,15,13,34,3,20,49,28
"1084",48,2020,8204,30,3,6,20,50,5,11,23,23
"1085",49,2020,8173,44,39,50,35,18,5,21,19,14
"1086",50,2020,5055,12,19,30,45,11,12,11,26,23
"1087",51,2020,7478,43,41,20,36,43,4,42,48,2
"1088",52,2020,7968,1,17,3,50,47,12,10,13,22
"1089",53,2020,9146,34,25,15,46,25,22,21,28,45
"1090",54,2020,5447,13,22,46,40,28,17,23,41,29
"1091",55,2020,5324,29,3,25,23,24,5,25,46,4
"1092",56,2020,6310,34,27,18,24,41,49,14,1,15
"1093",57,2020,6451,31,23,41,43,32,42,41,27,40
"1094",58,2020,6892,25,24,33,17,18,39,8,1,14
"1095",59,2020,5647,8,3,50,46,45,20,47,43,38
"1096",60,2020,6096,41,1,30,43,28,19,20,28,14
"1097",61,2020,8733,28,25,48,43,34,1,35,9,37
"1098",62,2020,6982,47,18,2,37,42,12,44,34,13
"1099",63,2020,7906,3,41,46,22,29,19,22,41,16
"1100",64,2020,7629,41,7,46,37,25,32,3,46,7
"1101",65,2020,8910,27,16,24,16,22,12,28,49,12
"1102",66,2020,9942,12,38,8,34,31,14,35,42,8
"1103",67,2020,8339,33,5,28,2,33,15,28,15,42
"1104",68,2020,8240,11,47,41,30,41,48,14,37,40
"1105",69,2020,6289,2,48,5,13,15,46,39,13,26
"1106",70,2020,8037,33,17,24,17,45,41,18,41,8
"1107",71,2020,5974,42,31,47,8,22,13,45,36,35
"1108",72,2020,8167,28,41,8,37,49,21,42,48,7
"1109",73,2020,8221,36,30,39,39,41,9,42,19,12
"1110",74,2020,9826,35,24,10,37,1,10,8,19,28
"1111",75,2020,8158,26,21,32,6,13,45,37,41,33
"1112",76,2020,9304,36,36,1,39,44,26,47,15,24
"1113",77,2020,7700,25,19,9,31,39,28,25,22,13
"1114",78,2020,5969,46,19,6,3,42,19,18,37,28
"1115",79,2020,8737,48,30,42,1,2,1,1,45,15
"1116",80,2020,6597,12,35,16,45,31,26,2,5,19
"1117",81,2020,8996,15,18,18,21,17,42,26,28,42
"1118",82,2020,8790,37,45,19,25,32,20,27,2,22
"1119",83,2020,9657,10,48,4,34,34,41,1,15,4
"1120",84,2020,6763,48,22,20,8,36,2,42,28,41
"1121",85,2020,7608,18,2,47,26,45,25,5,40,25
"1122",86,2020,7313,44,26,4,41,49,9,35,35,26
"1123",87,2020,8400,8,18,13,8,37,19,48,39,46
"1124",88,2020,5403,16,22,4,38,35,13,14,45,43
"1125",89,2020,8887,35,45,14,10,49,16,1,18,35
"1126",90,2020,8292,1,29,39,8,21,8,42,8,39
"1127",91,2020,9037,5,49,33,35,2,50,11,4,22
"1128",92,2020,6189,35,23,18,30,12,34,35,44,24
"1129",93,2020,7230,37,50,44,20,36,24,11,43,25
"1130",94,2020,6960,34,22,15,6,23,36,33,8,13
"1131",95,2020,6385,43,50,34,16,42,5,43,16,48
"1132",96,2020,9441,19,35,15,29,31,38,42,17,48
"1133",97,2020,6933,8,46,14,15,40,8,3,3,14
"1134",98,2020,5744,11,8,30,47,5,13,9,22,42
"1135",99,2020,9992,10,10,40,49,12,9,39,38,12
"1136",100,2020,6486,8,1,20,15,41,44,40,18,14
"1137",101,2020,5005,8,16,25,13,14,4,14,4,28
"1138",102,2020,7739,14,36,21,1,34,44,6,25,40
"1139",103,2020,5428,6,20,29,21,33,48,5,23,24
"1140",104,2020,7305,12,2,22,49,20,21,6,14,40
"1141",105,2020,9270,48,8,2,33,39,13,11,21,33
"1142",106,2020,8350,50,34,12,35,3,9,40,33,49
"1143",107,2020,5488,17,31,50,22,13,13,42,44,26
"1144",108,2020,7715,48,47,16,49,16,16,39,25,35
"1145",109,2020,6531,8,19,26,20,30,27,2,21,40
"1146",110,2020,8657,12,47,9,19,7,36,7,48,15
"1147",111,2020,8364,44,9,35,15,37,42,39,20,25
"1148",112,2020,6264,2,27,6,45,24,4,46,25,25
"1149",113,2020,7298,39,12,46,21,20,43,29,17,32
"1150",114,2020,9492,3,32,27,14,47,32,8,18,48
"1151",115,2020,7484,34,18,27,39,2,39,45,29,21
"1152",116,2020,8109,45,23,30,35,49,20,23,12,3
"1153",117,2020,5105,37,3,35,34,6,47,36,38,50
"1154",118,2020,8821,40,24,36,46,40,3,44,32,15
"1155",119,2020,8236,13,1,16,25,46,41,47,13,39
"1156",120,2020,7044,19,37,33,15,41,49,21,20,15
"1157",121,2020,6876,11,39,3,50,19,44,50,3,47
"1158",122,2020,9096,36,5,33,3,31,50,13,47,16
"1159",123,2020,5671,28,48,37,28,49,6,34,1,4
"1160",124,2020,9151,13,39,11,43,2,23,40,27,2
"1161",125,2020,6379,15,5,4,32,18,38,30,38,32
"1162",126,2020,7912,28,14,10,37,44,8,37,9,42
"1163",127,2020,6574,44,29,25,20,31,21,29,40,44
"1164",128,2020,8006,41,10,2,6,43,5,38,32,39
"1165",129,2020,8221,49,22,32,7,45,17,26,20,30
"1166",130,2020,6707,17,22,24,5,17,49,40,31,7
"1167",131,2020,8576,41,15,33,40,1,4,35,50,40
"1168",132,2020,5081,4,32,16,12,8,23,33,44,10
"1169",133,2020,5848,12,22,21,17,9,18,38,22,5
"1170",134,2020,7329,38,7,5,25,41,25,8,37,34
"1171",135,2020,9945,30,49,3,19,11,39,3,42,15
"1172",136,2020,5516,21,8,35,11,27,6,40,21,5
"1173",137,2020,7256,32,18,47,20,19,3,19,29,21
"1174",138,2020,8466,39,15,20,50,18,11,22,29,2
"1175",139,2020,7280,26,37,47,48,35,2,16,3,12
"1176",140,2020,9800,30,24,7,5,15,11,45,8,28
"1177",141,2020,8534,34,19,27,13,31,33,2,40,48
"1178",142,2020,7316,3,31,7,48,11,14,15,13,36
"1179",143,2020,8915,43,31,11,3,46,37,23,13,36
"1180",144,2020,5275,44,7,44,14,27,23,18,33,4
"1181",145,2020,8533,8,2,50,9,25,16,7,5,24
"1182",146,2020,7109,5,40,36,25,36,10,4,17,13
"1183",147,2020,6630,43,34,49,4,7,24,33,6,15
"1184",148,2020,5889,49,4,40,15,28,34,20,11,28
"1185",1,2021,7715,15,17,40,6,18,48,22,38,11
"1186",2,2021,9744,23,8,39,28,12,35,35,48,25
"1187",3,2021,6519,8,18,30,46,38,41,6,43,10
"1188",4,2021,5655,11,47,44,31,30,13,49,26,48
"1189",5,2021,5720,15,47,19,43,11,35,40,5,11
"1190",6,2021,9559,13,7,46,17,7,41,33,25,2
"1191",7,2021,6305,12,37,8,38,49,24,28,41,27
"1192",8,2021,6974,50,12,1,2,42,8,15,19,33
"1193",9,2021,5226,41,6,17,32,7,28,30,14,7
"1194",10,2021,7516,28,32,17,9,48,7,30,49,32
"1195",11,2021,8129,21,36,13,37,11,18,37,31,29
"1196",12,2021,6056,36,33,46,8,36,50,42,29,3
"1197",13,2021,8336,7,8,37,33,8,30,34,21,27
"1198",14,2021,6154,26,21,32,9,6,47,7,3,15
"1199",15,2021,5406,43,33,28,20,49,22,17,32,26
"1200",16,2021,9422,35,12,7,24,15,37,41,5,21
"1201",17,2021,7489,19,40,9,22,13,19,18,44,32
"1202",18,2021,6734,39,10,50,46,22,33,41,20,35
"1203",19,2021,8833,10,24,23,23,30,17,18,50,20
"1204",20,2021,9971,28,34,33,30,4,21,33,37,6
"1205",21,2021,9071,33,38,34,22,36,28,7,22,4
"1206",22,2021,7842,18,35,21,34,21,6,16,34,17
"1207",23,2021,5292,22,28,36,40,40,7,37,8,21
"1208",24,2021,6410,20,14,3,47,37,12,1,5,8
"1209",25,2021,9884,37,7,8,9,4,20,3,27,3
"1210",26,2021,7005,17,44,50,25,44,50,26,45,30
"1211",27,2021,6065,43,11,22,12,6,38,11,18,27
"1212",28,2021,5837,18,13,4,31,29,18,6,29,2
"1213",29,2021,7700,43,9,37,13,13,40,39,44,27
"1214",30,2021,9538,7,6,23,18,13,14,35,48,38
"1215",31,2021,8035,49,28,25,4,19,43,19,13,30
"1216",32,2021,6206,15,47,32,28,23,17,45,26,34
"1217",33,2021,5376,3,43,15,13,32,30,32,49,29
"1218",34,2021,5876,27,18,42,48,2,32,1,18,6
"1219",35,2021,6409,45,37,37,43,34,9,44,30,42
"1220",36,2021,9293,38,1,1,44,37,48,50,10,21
"1221",37,2021,6022,6,2,15,40,13,13,26,6,9
"1222",38,2021,6635,13,19,2,3,9,46,31,31,17
"1223",39,2021,6654,47,45,35,17,20,2,10,20,34
"1224",40,2021,7206,31,36,10,49,44,27,15,42,5
"1225",41,2021,7704,19,30,10,46,31,14,45,10,2
"1226",42,2021,9996,39,5,14,23,23,39,13,18,33
"1227",43,2021,8938,2,22,16,21,6,10,6,37,7
"1228",44,2021,5071,47,34,27,22,3,40,18,22,37
"1229",45,2021,7266,46,23,4,4,44,22,5,39,49
"1230",46,2021,8756,33,1,35,37,27,31,34,23,21
"1231",47,2021,5996,32,19,48,3,28,41,41,31,48
"1232",48,2021,7325,30,43,20,23,21,16,49,48,24
"1233",49,2021,9716,40,12,29,12,43,13,43,48,29
"1234",50,2021,8889,27,4,39,16,23,47,30,17,48
"1235",51,2021,9404,14,47,40,30,40,41,3,14,3
"1236",52,2021,5367,23,46,9,43,10,26,14,30,9
"1237",53,2021,9042,12,1,33,47,32,11,34,9,17
"1238",54,2021,8546,44,1,32,47,2,27,38,14,38
"1239",55,2021,9402,18,26,16,16,46,41,34,43,12
"1240",56,2021,7418,21,4,30,23,40,11,30,26,38
"1241",57,2021,9171,22,47,33,29,18,27,35,19,1
"1242",58,2021,9612,15,12,23,18,9,48,20,40,13
"1243",59,2021,6104,48,41,23,27,26,12,25,6,32
"1244",60,2021,6600,31,13,22,9,22,34,10,4,29
"1245",61,2021,8748,2,19,20,50,10,39,15,37,50
"1246",62,2021,9677,21,33,2,19,6,35,1,8,48
"1247",63,2021,5052,24,28,18,44,43,14,33,43,25
"1248",64,2021,5422,40,20,17,33,31,39,13,40,18
"1249",65,2021,7283,23,16,29,32,21,39,28,27,12
"1250",66,2021,7631,27,12,37,12,46,49,43,15,34
"1251",67,2021,5853,14,46,3,40,38,31,15,11,39
"1252",68,2021,7170,12,11,14,29,30,34,9,2,26
"1253",69,2021,7702,26,18,4,25,7,49,11,19,32
"1254",70,2021,8558,13,4,36,43,4,26,9,1,44
"1255",71,2021,9453,32,7,25,39,27,12,32,28,6
"1256",72,2021,5417,12,47,25,45,35,24,1,50,17
"1257",73,2021,8605,34,37,47,10,41,21,45,27,19
"1258",74,2021,8127,49,6,10,35,14,35,43,43,8
"1259",75,2021,5496,22,46,42,28,33,15,33,22,14
"1260",76,2021,7624,28,8,8,4,42,44,42,48,15
"1261",77,2021,5145,5,31,48,29,14,17,33,44,1
"1262",78,2021,5558,25,46,29,28,47,26,16,34,9
"1263",79,2021,7103,34,38,11,22,48,20,31,40,37
"1264",80,2021,6002,45,46,23,45,7,1,34,40,34
"1265",81,2021,7518,15,26,45,38,2,28,42,1,33
"1266",82,2021,5975,49,46,32,48,30,44,46,25,13
"1267",83,2021,9382,26,15,3,35,24,9,23,45,36
"1268",84,2021,9335,31,46,18,24,2,7,1,14,2
"1269",85,2021,8362,7,23,39,34,12,36,45,42,5
"1270",86,2021,9139,44,24,32,40,49,46,46,40,11
"1271",87,2021,5608,14,41,19,41,5,24,29,8,36
"1272",88,2021,5089,23,31,35,41,2,31,3,12,3
"1273",89,2021,6372,42,9,28,4,2,27,8,47,30
"1274",90,2021,7423,2,5,5,33,20,34,50,38,8
"1275",91,2021,9686,44,25,40,43,41,24,13,19,22
"1276",92,2021,7579,1,16,21,6,4,49,31,44,4
"1277",93,2021,6232,31,31,18,26,23,35,42,10,34
"1278",94,2021,8534,2,50,7,7,15,7,46,12,21
"1279",95,2021,8038,36,11,6,41,40,2,49,6,49
"1280",96,2021,7815,36,39,8,17,41,17,1,2,23
"1281",97,2021,5585,13,7,19,32,26,7,4,38,49
"1282",98,2021,6547,46,50,2,22,39,4,20,6,29
"1283",99,2021,9495,14,35,20,49,36,34,44,7,12
"1284",100,2021,5331,20,8,1,32,45,44,5,49,41
"1285",101,2021,9966,13,19,13,14,4,30,39,37,22
"1286",102,2021,5833,23,24,11,14,26,47,1,34,8
"1287",103,2021,9807,50,26,42,46,9,49,3,30,41
"1288",104,2021,9666,35,12,20,41,41,36,37,11,15
"1289",105,2021,8689,23,34,44,36,31,8,14,32,3
"1290",106,2021,6614,20,41,11,38,15,15,1,3,27
"1291",107,2021,5973,9,38,9,16,7,50,38,18,43
"1292",108,2021,6429,39,20,6,1,5,15,38,21,35
"1293",109,2021,8096,3,29,23,43,32,9,32,2,26
"1294",110,2021,8775,15,16,44,8,18,2,14,22,5
"1295",111,2021,9628,19,32,45,14,17,20,38,40,12
"1296",112,2021,7802,49,14,43,37,14,43,40,21,25
"1297",113,2021,9448,43,14,45,20,11,16,40,28,23
"1298",114,2021,5606,1,8,12,32,35,16,8,22,17
"1299",115,2021,9264,1,12,40,5,26,25,35,24,36
"1300",116,2021,7321,17,23,26,40,25,3,42,25,21
"1301",117,2021,7162,2,9,36,35,25,32,37,22,26
"1302",118,2021,8545,36,31,1,44,42,46,46,48,48
"1303",119,2021,5067,35,21,23,18,30,18,12,31,20
"1304",120,2021,9181,37,42,9,46,22,37,14,49,46
"1305",121,2021,7627,4,10,33,17,35,13,25,31,35
"1306",122,2021,5374,30,45,28,14,7,15,1,38,38
"1307",123,2021,8525,40,44,35,2,24,34,40,10,32
"1308",124,2021,8021,40,16,40,39,16,3,8,34,6
"1309",125,2021,9614,5,35,23,35,26,33,25,10,2
"1310",126,2021,5673,2,14,14,26,24,13,44,43,30
"1311",127,2021,8232,18,49,24,34,26,37,10,13,32
"1312",128,2021,9940,5,48,17,12,48,39,38,17,44
"1313",129,2021,9677,19,1,22,28,48,22,20,25,44
"1314",130,2021,5268,4,36,6,21,14,30,14,17,44
"1315",131,2021,8380,24,23,28,26,34,39,8,15,37
"1316",132,2021,9764,13,9,10,2,39,30,17,2,6
"1317",133,2021,6625,48,22,50,46,8,26,20,50,36
"1318",134,2021,9126,38,7,21,38,31,29,42,29,1
"1319",135,2021,9672,6,10,47,13,42,36,14,28,27
"1320",136,2021,7054,25,31,47,31,34,20,31,11,38
"1321",137,2021,7060,14,1,37,47,48,42,4,10,46
"1322",138,2021,5684,22,13,30,25,36,47,4,18,17
"1323",139,2021,5373,36,15,42,14,31,4,30,50,1
"1324",140,2021,8562,43,13,39,46,27,26,16,19,37
"1325",141,2021,7509,50,44,48,36,12,12,31,30,27
"1326",142,2021,5456,29,42,40,13,24,18,45,12,32
"1327",143,2021,5684,42,32,22,28,15,36,48,5,36
"1328",144,2021,6640,44,32,29,36,47,19,35,40,40
"1329",145,2021,5774,42,25,1,20,38,12,29,31,42
"1330",146,2021,5308,21,50,32,32,18,6,15,49,24
"1331",147,2021,7980,13,27,16,32,44,50,33,6,8
"1332",148,2021,5930,28,18,28,19,22,24,8,44,46
"1333",1,2022,9931,11,8,39,32,36,6,9,31,46
"1334",2,2022,9914,45,50,31,16,36,49,14,30,31
"1335",3,2022,8781,43,31,19,43,42,13,33,40,38
"1336",4,2022,6949,43,43,22,38,50,28,40,29,28
"1337",5,2022,9536,25,43,1,43,31,36,39,12,14
"1338",6,2022,8484,24,35,17,49,1,25,2,27,4
"1339",7,2022,8573,16,49,45,15,39,11,49,47,38
"1340",8,2022,8109,19,45,17,40,47,39,8,47,25
"1341",9,2022,5631,38,37,39,45,45,3,28,46,38
"1342",10,2022,7940,33,21,46,39,16,16,16,1,46
"1343",11,2022,6220,45,4,24,43,43,5,18,12,21
"1344",12,2022,9128,34,11,4,28,37,17,23,27,6
"1345",13,2022,9811,45,3,38,40,44,37,5,7,16
"1346",14,2022,5102,13,42,42,19,2,31,26,18,8
"1347",15,2022,8358,46,26,37,21,16,26,8,19,40
"1348",16,2022,9498,48,44,14,11,17,30,29,8,10
"1349",17,2022,6587,41,39,7,4,20,8,6,8,14
"1350",18,2022,9885,26,11,32,29,13,35,27,8,14
"1351",19,2022,6048,36,50,50,27,33,31,44,46,20
"1352",20,2022,6615,9,25,36,16,46,46,17,24,7
"1353",21,2022,6592,26,43,35,44,3,1,39,46,29
"1354",22,2022,8687,6,20,33,46,45,7,27,21,44
"1355",23,2022,8041,13,38,37,28,42,44,26,14,21
"1356",24,2022,8973,22,39,22,18,32,22,12,30,40
"1357",25,2022,7927,50,38,27,20,14,9,33,37,22
"1358",26,2022,8961,23,48,31,46,25,20,47,8,15
"1359",27,2022,5753,11,47,25,5,1,37,35,39,30
"1360",28,2022,8265,10,45,6,7,17,18,41,50,40
"1361",29,2022,9067,5,39,37,21,20,19,21,39,29
"1362",30,2022,5933,43,22,36,3,27,45,43,9,18
"1363",31,2022,5948,27,34,30,44,15,47,2,1,22
"1364",32,2022,9736,46,47,14,46,23,46,37,45,9
"1365",33,2022,5049,6,9,35,13,42,42,8,24,2
"1366",34,2022,5282,50,20,33,40,8,31,11,16,10
"1367",35,2022,9711,18,21,13,15,32,47,46,40,50
"1368",36,2022,6352,45,9,37,13,23,12,7,32,19
"1369",37,2022,8493,24,10,43,18,3,8,26,29,44
"1370",38,2022,8604,31,42,42,8,21,10,35,23,37
"1371",39,2022,8367,20,6,25,50,42,32,8,26,21
"1372",40,2022,9742,10,47,17,2,32,28,18,8,49
"1373",41,2022,7974,18,45,13,7,15,19,43,16,2
"1374",42,2022,5249,24,30,30,48,31,42,8,35,50
"1375",43,2022,9980,14,7,8,4,4,22,47,6,30
"1376",44,2022,6976,21,26,11,11,25,47,44,28,4
"1377",45,2022,9667,42,12,22,46,43,35,19,28,27
"1378",46,2022,9483,11,29,8,16,2,31,40,13,2
"1379",47,2022,5423,37,45,8,25,45,14,10,15,15
"1380",48,2022,6607,40,35,35,4,48,29,42,49,47
"1381",49,2022,8685,36,15,47,39,44,45,21,43,50
"1382",50,2022,8589,25,14,11,26,4,50,41,32,20
"1383",51,2022,7607,16,5,44,39,33,27,31,40,5
"1384",52,2022,8528,6,21,15,40,26,7,16,49,42
"1385",53,2022,9611,10,40,1,25,9,8,27,8,4
"1386",54,2022,6421,47,32,38,35,11,45,12,31,31
"1387",55,2022,7818,2,6,27,10,11,22,38,5,10
"1388",56,2022,9879,49,26,2,49,46,7,29,37,7
"1389",57,2022,6804,11,36,42,44,34,16,17,9,13
"1390",58,2022,8025,6,9,45,44,38,16,37,15,31
"1391",59,2022,5515,45,44,40,11,2,21,11,33,36
"1392",60,2022,6949,36,1,17,49,30,48,27,45,20
"1393",61,2022,8552,49,42,1,46,21,43,32,45,15
"1394",62,2022,9558,48,48,18,6,46,26,16,22,48
"1395",63,2022,7052,26,30,22,44,3,47,8,7,37
"1396",64,2022,6904,5,43,46,12,2,27,38,3,50
"1397",65,2022,5157,24,27,49,21,9,22,30,12,13
"1398",66,2022,7850,23,24,36,42,40,9,35,10,17
"1399",67,2022,5331,26,33,30,50,27,2,24,24,4
"1400",68,2022,6957,41,10,16,35,41,40,22,29,26
"1401",69,2022,8464,13,22,43,1,27,42,20,32,45
"1402",70,2022,9249,30,30,37,17,21,44,20,26,34
"1403",71,2022,6147,4,8,48,14,26,21,36,30,9
"1404",72,2022,8298,34,36,18,48,47,23,14,6,9
"1405",73,2022,7099,11,36,5,36,47,7,15,2,26
"1406",74,2022,8717,46,46,24,34,49,14,29,2,41
"1407",75,2022,5086,39,50,38,48,18,1,46,43,19
"1408",76,2022,8559,25,40,29,27,11,37,46,12,24
"1409",77,2022,6987,5,50,49,37,48,1,41,47,32
"1410",78,2022,6248,13,38,27,6,6,36,33,20,3
"1411",79,2022,9770,10,39,36,19,17,21,50,39,25
"1412",80,2022,9150,2,19,3,29,48,43,18,23,25
"1413",81,2022,8091,38,47,26,14,14,40,41,26,24
"1414",82,2022,8836,42,29,39,45,47,23,46,32,18
"1415",83,2022,5934,3,38,7,39,37,21,35,10,31
"1416",84,2022,6827,27,11,10,24,48,21,47,48,8
"1417",85,2022,7302,14,4,10,40,43,24,35,9,5
"1418",86,2022,7257,30,6,1,18,9,34,5,24,46
"1419",87,2022,5362,34,8,3,39,18,39,31,47,46
"1420",88,2022,8298,13,26,34,19,1,26,15,10,12
"1421",89,2022,5499,10,20,40,5,2,15,48,23,41
"1422",90,2022,7666,2,15,26,29,2,9,24,41,4
"1423",91,2022,7094,37,11,4,33,2,38,3,30,33
"1424",92,2022,5661,2,23,8,1,31,25,13,34,50
"1425",93,2022,8286,31,12,10,25,10,30,32,21,39
"1426",94,2022,8682,40,4,17,10,44,2,36,43,42
"1427",95,2022,5718,50,10,31,41,3,10,48,5,32
"1428",96,2022,5306,9,25,44,7,9,24,18,6,6
"1429",97,2022,7993,32,34,4,42,26,37,42,17,8
"1430",98,2022,6342,9,23,26,15,24,24,10,2,19
"1431",99,2022,8882,22,6,13,6,10,43,46,30,40
"1432",100,2022,5489,12,48,42,48,50,7,29,14,18
"1433",101,2022,6884,44,12,22,41,30,29,23,17,41
"1434",102,2022,7722,39,44,12,44,10,28,49,21,18
"1435",103,2022,7019,40,29,27,33,3,22,6,36,23
"1436",104,2022,8476,21,31,1,28,29,8,38,3,44
"1437",105,2022,9991,3,10,14,5,14,14,22,22,15
"1438",106,2022,8100,5,42,1,27,26,50,28,1,28
"1439",107,2022,8361,19,13,28,18,38,20,35,15,13
"1440",108,2022,9867,5,38,37,7,47,4,37,48,16
"1441",109,2022,7819,20,12,27,42,21,42,29,8,7
"1442",110,2022,7808,23,45,13,17,25,23,20,47,10
"1443",111,2022,7390,28,22,40,16,49,11,29,25,31
"1444",112,2022,5429,29,20,49,18,30,12,12,11,38
"1445",113,2022,8522,33,37,46,21,31,31,5,47,15
"1446",114,2022,7078,20,29,3,1,37,24,10,38,8
"1447",115,2022,7268,50,37,15,4,14,19,24,40,13
"1448",116,2022,9359,18,43,32,24,6,17,12,7,6
"1449",117,2022,7027,5,22,41,32,19,25,16,9,4
"1450",118,2022,9037,45,24,8,23,5,22,9,25,21
"1451",119,2022,8809,24,19,46,44,49,10,47,47,24
"1452",120,2022,9226,18,36,39,1,6,41,3,18,50
"1453",121,2022,8767,46,29,27,24,23,14,48,36,19
"1454",122,2022,7013,38,4,31,24,35,40,47,18,27
"1455",123,2022,6433,18,32,39,6,48,1,2,13,46
"1456",124,2022,7211,33,44,46,23,35,18,17,48,25
"1457",125,2022,5285,50,37,44,47,45,43,34,50,6
"1458",126,2022,9340,26,42,32,29,3,27,48,46,3
"1459",127,2022,7810,11,1,7,45,42,29,10,31,9
"1460",128,2022,9711,37,17,47,30,48,48,20,39,22
"1461",129,2022,8860,9,46,18,22,4,16,38,39,14
"1462",130,2022,5802,34,32,13,40,27,28,42,50,38
"1463",131,2022,6695,49,48,20,35,40,7,10,13,34
"1464",132,2022,5372,19,44,2,23,47,11,9,8,23
"1465",133,2022,8038,17,1,39,36,3,35,8,12,34
"1466",134,2022,9366,49,42,36,23,44,42,30,50,39
"1467",135,2022,9297,3,26,1,17,25,19,42,12,34
"1468",136,2022,8571,28,46,21,21,15,40,22,4,9
"1469",137,2022,6470,26,25,26,17,4,30,4,26,11
"1470",138,2022,6448,38,48,27,30,18,13,45,47,28
"1471",139,2022,5897,1,9,17,6,12,17,23,7,16
"1472",140,2022,5587,39,9,5,20,10,18,5,20,36
"1473",141,2022,6522,38,49,11,20,14,43,7,9,21
"1474",142,2022,7030,21,9,46,34,18,28,29,25,19
"1475",143,2022,6586,24,20,35,34,39,16,18,18,26
"1476",144,2022,9197,28,44,45,19,36,2,34,19,31
"1477",145,2022,6390,33,18,39,27,7,35,11,48,13
"1478",146,2022,7843,30,16,24,21,40,23,41,29,46
"1479",147,2022,8731,34,42,47,39,23,50,7,10,23
"1480",148,2022,5293,35,14,10,41,33,6,40,5,16
"1481",1,2023,7649,4,47,20,41,34,49,14,21,24
"1482",2,2023,5478,20,33,41,44,37,6,48,37,50
"1483",3,2023,6976,25,46,2,49,23,41,9,5,44
"1484",4,2023,6056,32,38,26,46,18,29,16,11,44
"1485",5,2023,9097,49,40,15,7,21,31,31,44,30
"1486",6,2023,7118,35,9,4,21,8,21,38,22,31
"1487",7,2023,9823,37,16,29,15,18,48,26,10,32
"1488",8,2023,9924,38,7,31,7,5,31,5,16,2
"1489",9,2023,9744,24,41,43,3,4,22,2,44,21
"1490",10,2023,9566,45,18,50,50,24,42,47,5,50
"1491",11,2023,6937,40,35,43,11,43,44,16,43,26
"1492",12,2023,6701,32,27,6,27,49,32,26,26,14
"1493",13,2023,7731,42,1,8,47,12,25,14,45,39
"1494",14,2023,9314,5,43,40,33,15,40,41,37,38
"1495",15,2023,7682,1,39,36,11,8,41,39,27,4
"1496",16,2023,6151,18,5,50,7,24,21,41,47,30
"1497",17,2023,6403,33,23,16,13,2,31,45,24,30
"1498",18,2023,6119,35,16,33,40,7,12,47,11,35
"1499",19,2023,6825,38,25,24,50,23,7,35,14,37
"1500",20,2023,8315,10,17,39,10,9,17,34,23,33
"1501",21,2023,5128,30,14,25,13,44,6,40,7,17
"1502",22,2023,7278,48,27,29,50,40,47,2,21,25
"1503",23,2023,9446,30,16,38,44,4,44,39,7,39
"1504",24,2023,9523,47,38,33,5,32,16,5,15,34
"1505",25,2023,5469,39,48,4,42,38,41,7,45,50
"1506",26,2023,8567,36,22,29,43,39,5,50,2,10
"1507",27,2023,9072,38,31,28,35,42,3,39,29,10
"1508",28,2023,8023,39,47,34,25,32,34,24,27,44
"1509",29,2023,8859,44,37,4,18,33,48,6,41,15
"1510",30,2023,8760,12,6,45,48,30,34,13,8,23
"1511",31,2023,6953,43,27,44,34,39,40,5,18,20
"1512",32,2023,5288,2,23,41,17,2,47,10,26,45
"1513",33,2023,7383,38,31,22,19,40,9,31,37,21
"1514",34,2023,9587,39,18,45,38,6,36,43,23,32
"1515",35,2023,6914,8,21,49,10,30,41,40,12,21
"1516",36,2023,5906,30,14,39,43,41,6,1,27,11
"1517",37,2023,6466,10,12,48,49,27,14,28,17,6
"1518",38,2023,9684,32,32,10,41,25,23,19,10,4
"1519",39,2023,7370,8,15,11,15,46,46,24,21,5
"1520",40,2023,6570,2,20,47,28,22,23,22,1,46
"1521",41,2023,7023,10,6,4,35,44,24,15,43,22
"1522",42,2023,7499,15,44,47,2,40,6,15,39,44
"1523",43,2023,9050,47,12,36,11,32,28,40,40,25
"1524",44,2023,7029,2,21,48,22,23,16,12,31,11
"1525",45,2023,8224,48,18,10,10,19,41,3,38,7
"1526",46,2023,8623,27,24,26,47,32,22,18,5,10
"1527",47,2023,6221,34,9,34,32,5,33,35,14,45
"1528",48,2023,6395,44,47,42,1,32,46,12,35,40
"1529",49,2023,7410,49,23,3,7,29,34,4,20,34
"1530",50,2023,7822,31,42,42,22,35,35,40,32,22
"1531",51,2023,8804,41,46,38,2,38,20,41,17,44
"1532",52,2023,6058,16,28,44,36,14,32,25,35,31
"1533",53,2023,6917,45,24,11,32,48,47,39,7,18
"1534",54,2023,5794,27,7,30,3,33,50,38,25,41
"1535",55,2023,6094,2,47,24,12,28,13,27,11,34
"1536",56,2023,7318,1,50,23,3,48,44,41,26,40
"1537",57,2023,7836,22,12,30,31,21,24,1,13,1
"1538",58,2023,8389,32,35,27,11,48,49,42,48,23
"1539",59,2023,6417,40,13,3,36,17,39,31,35,28
"1540",60,2023,9793,15,1,49,2,26,29,19,46,23
"1541",61,2023,5781,14,9,24,8,24,39,45,24,25
"1542",62,2023,8011,40,12,11,24,5,32,34,1,46
"1543",63,2023,7469,46,1,48,10,33,47,5,11,7
"1544",64,2023,9427,18,14,2,41,28,33,44,12,20
"1545",65,2023,5880,47,37,33,4,35,48,42,47,35
"1546",66,2023,7101,21,10,31,2,34,18,37,2,1
"1547",67,2023,7329,28,24,4,17,37,28,32,46,36
"1548",68,2023,8423,29,48,34,24,13,10,20,23,49
"1549",69,2023,7185,42,11,1,47,13,37,33,35,47
"1550",70,2023,6652,44,18,15,11,37,17,30,8,40
"1551",71,2023,7095,44,30,10,2,13,29,23,47,50
"1552",72,2023,7819,5,14,50,8,33,18,37,9,19
"1553",73,2023,9922,50,46,32,36,16,32,9,45,41
"1554",74,2023,6742,30,36,34,31,41,8,41,38,22
"1555",75,2023,5246,16,20,10,29,45,46,20,19,26
"1556",76,2023,5831,17,31,24,42,3,50,8,1,15
"1557",77,2023,5737,29,43,9,8,43,16,33,46,7
"1558",78,2023,6838,30,10,6,7,41,5,17,1,31
"1559",79,2023,7993,50,17,12,6,37,48,1,6,11
"1560",80,2023,6908,15,39,22,1,4,11,11,43,30
"1561",81,2023,5906,34,49,21,13,35,11,19,40,29
"1562",82,2023,8630,26,5,32,48,18,2,47,1,25
"1563",83,2023,8904,29,37,47,30,11,24,48,1,43
"1564",84,2023,7128,23,6,21,41,26,24,38,37,23
"1565",85,2023,8746,26,5,14,21,35,13,11,47,3
"1566",86,2023,7496,22,6,49,1,25,45,50,24,36
"1567",87,2023,9486,24,43,25,34,42,31,34,13,45
"1568",88,2023,9918,22,38,48,6,11,35,14,15,27
"1569",89,2023,9222,39,19,34,2,37,5,30,29,24
"1570",90,2023,8977,16,36,49,36,31,14,36,37,41
"1571",91,2023,7524,39,11,48,22,32,41,33,16,28
"1572",92,2023,8435,44,42,40,29,33,32,19,24,20
"1573",93,2023,8963,10,16,16,8,14,42,37,45,18
"1574",94,2023,5435,48,6,34,13,30,23,4,9,15
"1575",95,2023,9669,7,33,46,12,33,27,47,12,42
"1576",96,2023,9763,18,31,18,36,26,24,28,40,18
"1577",97,2023,8419,41,35,32,33,49,16,10,1,39
"1578",98,2023,8309,9,2,43,21,33,1,28,8,14
"1579",99,2023,8901,27,36,2,7,47,36,28,1,7
"1580",100,2023,8715,29,45,21,37,38,31,18,25,41
"1581",101,2023,7274,17,13,18,3,10,37,33,3,18
"1582",102,2023,6009,45,29,4,18,47,10,22,40,14
"1583",103,2023,6315,37,3,8,5,39,40,39,20,16
"1584",104,2023,5321,14,22,32,22,39,49,29,25,29
"1585",105,2023,9208,23,14,15,39,42,30,19,17,41
"1586",106,2023,8036,25,45,21,2,13,17,10,36,23
"1587",107,2023,7161,23,7,49,44,47,19,45,4,14
"1588",108,2023,5334,19,3,4,12,36,20,34,36,41
"1589",109,2023,6563,45,47,39,10,47,18,40,16,8
"1590",110,2023,8768,47,40,49,42,26,17,21,46,19
"1591",111,2023,7408,15,38,38,33,23,50,5,17,8
"1592",112,2023,6563,9,24,19,37,10,7,46,16,47
"1593",113,2023,6063,26,26,18,11,40,1,42,26,32
"1594",114,2023,7236,39,23,7,41,35,41,17,22,1
"1595",115,2023,9399,8,36,37,21,25,36,45,26,39
"1596",116,2023,6362,35,46,45,42,29,14,7,27,18
"1597",117,2023,5824,6,33,48,30,22,27,16,22,50
"1598",118,2023,5333,2,30,13,4,12,46,50,44,20
"1599",119,2023,8800,39,3,16,33,28,33,10,34,33
"1600",120,2023,7662,7,35,30,9,44,9,6,26,29
"1601",121,2023,8588,45,39,43,40,25,43,31,9,48
"1602",122,2023,6378,17,6,28,19,24,8,29,34,5
"1603",123,2023,8805,3,47,14,4,47,1,37,20,47
"1604",124,2023,6781,39,50,41,18,47,29,11,15,4
"1605",125,2023,8137,50,9,7,35,18,43,3,20,17
"1606",126,2023,9959,10,29,40,10,4,10,33,49,5
"1607",127,2023,5800,14,23,15,23,41,41,21,27,19
"1608",128,2023,6779,31,47,2,1,38,19,4,44,30
"1609",129,2023,8032,22,41,21,2,20,22,25,32,7
"1610",130,2023,5207,39,2,32,23,49,3,1,1,36
"1611",131,2023,6358,12,49,44,6,25,3,5,3,10
"1612",132,2023,9952,42,22,36,22,4,27,29,23,6
"1613",133,2023,8052,6,49,19,13,50,3,42,27,28
"1614",134,2023,8044,16,6,41,18,35,47,18,36,1
"1615",135,2023,7537,39,28,18,21,48,27,33,18,42
"1616",136,2023,9651,7,25,13,21,32,7,49,4,15
"1617",137,2023,9148,10,6,30,38,10,3,12,22,32
"1618",138,2023,8320,27,18,43,13,13,19,5,28,49
"1619",139,2023,5835,22,34,29,34,5,34,48,12,35
"1620",140,2023,8802,8,35,21,31,43,13,43,49,34
"1621",141,2023,5608,45,32,47,12,49,27,47,4,19
"1622",142,2023,8569,4,32,44,13,24,35,40,6,21
"1623",143,2023,7888,44,10,37,50,14,16,26,4,14
"1624",144,2023,7328,20,25,8,5,10,36,35,38,42
"1625",145,2023,8534,22,32,28,37,4,32,21,14,3
"1626",146,2023,7910,44,5,25,16,18,12,8,13,8
"1627",147,2023,8809,29,28,24,39,21,45,3,36,19
"1628",148,2023,8348,21,12,22,24,43,15,37,46,12
